{
  "name": "Slackから法人番号付きで取引先登録（配布用）",
  "description": "When there is a trigger event, do action",
  "version": 13,
  "private": true,
  "concurrency": 1,
  "code": {
    "number": 0,
    "provider": "slack_bot",
    "name": "bot_command_v2",
    "as": "1a2c95d0",
    "title": null,
    "description": "New <span class=\"provider\">salesforce 取引先登録 法人番号</span> command to <span class=\"provider\">Slack Workbot</span>",
    "keyword": "trigger",
    "dynamicPickListSelection": {
    },
    "toggleCfg": {
      "domain": false,
      "name": false,
      "scope": false
    },
    "input": {
      "allow_dialog": "true",
      "domain": "salesforce",
      "name": "取引先登録",
      "scope": "法人番号"
    },
    "extended_output_schema": [
      {
        "label": "Parameters",
        "name": "parameters",
        "properties": [

        ],
        "type": "object"
      }
    ],
    "block": [
      {
        "number": 1,
        "keyword": "try",
        "dynamicPickListSelection": {
        },
        "toggleCfg": {
        },
        "input": {
        },
        "block": [
          {
            "number": 2,
            "provider": "lookup_table",
            "name": "get_entries",
            "as": "955badbb",
            "title": null,
            "description": "\n      Get all\n      <span class=\"provider\">entries</span>\n      from\n      <span class=\"provider\">都道府県コード</span>\n      lookup table\n    ",
            "keyword": "action",
            "dynamicPickListSelection": {
              "lookup_table_id": "都道府県コード"
            },
            "toggleCfg": {
            },
            "input": {
              "lookup_table_id": {
                "zip_name": "都道府県コード.lookup_table.json",
                "name": "都道府県コード",
                "folder": ""
              }
            },
            "extended_output_schema": [
              {
                "label": "Entries",
                "name": "entries",
                "of": "object",
                "properties": [
                  {
                    "control_type": "number",
                    "label": "Entry ID",
                    "parse_output": "integer_conversion",
                    "type": "integer",
                    "name": "id"
                  },
                  {
                    "properties": [
                      {
                        "control_type": "text",
                        "label": "Code",
                        "name": "col1",
                        "sticky": true,
                        "type": "string"
                      },
                      {
                        "control_type": "text",
                        "label": "Name",
                        "name": "col2",
                        "sticky": true,
                        "type": "string"
                      }
                    ],
                    "label": "Entry",
                    "type": "object",
                    "name": "entry"
                  }
                ],
                "type": "array"
              }
            ],
            "uuid": "1e48fc64-8cbf-41cd-aaca-32d412ee7aa8"
          },
          {
            "number": 3,
            "provider": "slack_bot",
            "name": "block_kit_modals",
            "as": "8d03ef0c",
            "title": null,
            "description": "Open a <span class=\"provider\">modal view</span> as <span class=\"provider\">Slack Workbot</span> and wait for user input",
            "keyword": "action",
            "dynamicPickListSelection": {
            },
            "toggleCfg": {
              "modal_action_type": true,
              "view.blocks.1.options.init_value": false
            },
            "input": {
              "modal_action_type": "open",
              "view": {
                "modal_title": "取引先登録",
                "blocks": [
                  {
                    "block_type": "plain_text_input",
                    "label_text": "取引先名",
                    "hint_text": "登録したい取引先の会社名を入力してください",
                    "optional": "false",
                    "block_id": "account_name",
                    "placeholder_text": "〇〇株式会社"
                  },
                  {
                    "block_type": "select_menu_input",
                    "menu_type": "static_select",
                    "label_text": "所在地（都道府県）",
                    "hint_text": "登録したい取引先の所在地（都道府県を選択してください）",
                    "block_id": "account_prefecture",
                    "placeholder_text": "都道府県",
                    "options": {
                      "____source": "#{_dp('{\"pill_type\":\"output\",\"provider\":\"lookup_table\",\"line\":\"955badbb\",\"path\":[\"entries\"]}')}",
                      "title": "#{_dp('{\"pill_type\":\"output\",\"provider\":\"lookup_table\",\"line\":\"955badbb\",\"path\":[\"entries\",{\"path_element_type\":\"current_item\"},\"entry\",\"col2\"]}')}",
                      "value": "#{_dp('{\"pill_type\":\"output\",\"provider\":\"lookup_table\",\"line\":\"955badbb\",\"path\":[\"entries\",{\"path_element_type\":\"current_item\"},\"entry\",\"col1\"]}')}",
                      "init_value": "=_dp('{\"pill_type\":\"output\",\"provider\":\"lookup_table\",\"line\":\"955badbb\",\"path\":[\"entries\",{\"path_element_type\":\"current_item\"},\"entry\",\"col2\"]}').match?(\"東京都\")"
                    }
                  }
                ],
                "submit_view": {
                  "continue_flow": "true",
                  "submit_text": ":mag: 検索",
                  "close_text": "キャンセル"
                }
              }
            },
            "extended_output_schema": [
              {
                "label": "Parameters",
                "name": "parameters",
                "properties": [
                  {
                    "control_type": "text",
                    "label": "Account name",
                    "name": "account_name",
                    "type": "string"
                  },
                  {
                    "control_type": "text",
                    "label": "Account prefecture",
                    "name": "account_prefecture",
                    "type": "string"
                  }
                ],
                "type": "object"
              }
            ],
            "comment": "取引先名と所在地を指定するモーダルの表示",
            "uuid": "fdc26763-010d-49cb-ad15-fab2e5a57340"
          },
          {
            "number": 4,
            "provider": "slack_bot",
            "name": "block_kit_modals",
            "as": "78bc38a5",
            "title": null,
            "description": "Open a <span class=\"provider\">modal view</span> as <span class=\"provider\">Slack Workbot</span>",
            "keyword": "action",
            "dynamicPickListSelection": {
            },
            "toggleCfg": {
              "modal_action_type": true
            },
            "input": {
              "modal_action_type": "open",
              "view": {
                "modal_title": "取引先登録",
                "blocks": [
                  {
                    "block_type": "section_with_fields",
                    "section_text": ":loading: 下記の内容で `法人番号検索API` を呼び出しています...",
                    "attachment_fields": [
                      {
                        "title": "取引先名：\n",
                        "value": "`#{_dp('{\"pill_type\":\"output\",\"provider\":\"slack_bot\",\"line\":\"8d03ef0c\",\"path\":[\"parameters\",\"account_name\"]}')}`"
                      },
                      {
                        "title": "所在地（都道府県）：\n",
                        "value": "=\"`\" + _dp('{\"pill_type\":\"output\",\"provider\":\"lookup_table\",\"line\":\"955badbb\",\"path\":[\"entries\"]}').pluck('entry').where(col1: _dp('{\"pill_type\":\"output\",\"provider\":\"slack_bot\",\"line\":\"8d03ef0c\",\"path\":[\"parameters\",\"account_prefecture\"]}'))[0]['col2'] + \"`\""
                      }
                    ]
                  }
                ],
                "submit_view": {
                  "close_text": "キャンセル"
                }
              }
            },
            "comment": "法人番号検索APIで検索している読み込みモーダルの表示",
            "uuid": "18a16a0a-e8ca-437f-b3fd-2574cfc98731",
            "skip": false
          },
          {
            "number": 5,
            "provider": "workato_recipe_function",
            "name": "call_recipe",
            "as": "8106cdf1",
            "title": null,
            "description": "Call <span class=\"provider\">半角文字を全角文字に変換(half-width character -&gt; full-width character)</span>",
            "keyword": "action",
            "dynamicPickListSelection": {
              "flow_id": "半角文字を全角文字に変換(half-width character -> full-width character)"
            },
            "toggleCfg": {
            },
            "input": {
              "flow_id": {
                "zip_name": "取引先登録/半角文字を全角文字に変換_half_width_character_full_width_character.recipe.json",
                "name": "半角文字を全角文字に変換(half-width character -> full-width character)",
                "folder": "取引先登録"
              },
              "parameters": {
                "string": "#{_dp('{\"pill_type\":\"output\",\"provider\":\"slack_bot\",\"line\":\"8d03ef0c\",\"path\":[\"parameters\",\"account_name\"]}')}"
              }
            },
            "extended_output_schema": [
              {
                "label": "Result",
                "name": "result",
                "properties": [
                  {
                    "control_type": "text",
                    "label": "Original string",
                    "name": "original_string",
                    "type": "string",
                    "optional": false,
                    "hint": "original_string"
                  },
                  {
                    "control_type": "text",
                    "label": "Converted string",
                    "name": "converted_string",
                    "type": "string",
                    "optional": false,
                    "hint": "converted string"
                  }
                ],
                "type": "object"
              }
            ],
            "extended_input_schema": [
              {
                "label": "Parameters",
                "name": "parameters",
                "properties": [
                  {
                    "control_type": "text",
                    "label": "String",
                    "name": "string",
                    "type": "string",
                    "optional": false,
                    "hint": "string to convert"
                  }
                ],
                "type": "object"
              }
            ],
            "comment": "取引先名の英数字を全角に変換",
            "uuid": "5d9c57bd-7ecc-43c5-8fa9-3b5740fcd7ec"
          },
          {
            "number": 6,
            "provider": "法人番号システム_connector_58624_1639216290",
            "name": "search_records_by_corporation_name",
            "as": "3e0490f0",
            "keyword": "action",
            "dynamicPickListSelection": {
            },
            "toggleCfg": {
            },
            "input": {
              "name": "#{_dp('{\"pill_type\":\"output\",\"provider\":\"workato_recipe_function\",\"line\":\"8106cdf1\",\"path\":[\"result\",\"converted_string\"]}')}",
              "address": "=_dp('{\"pill_type\":\"output\",\"provider\":\"slack_bot\",\"line\":\"8d03ef0c\",\"path\":[\"parameters\",\"account_prefecture\"]}').to_i"
            },
            "visible_config_fields": [
              "name",
              "address"
            ],
            "uuid": "dab5143a-bc80-4b06-9eb2-e83af3c7e917"
          },
          {
            "number": 7,
            "keyword": "if",
            "dynamicPickListSelection": {
            },
            "toggleCfg": {
            },
            "input": {
              "type": "compound",
              "operand": "and",
              "conditions": [
                {
                  "operand": "equals_to",
                  "lhs": "#{_dp('{\"pill_type\":\"output\",\"provider\":\"法人番号システム_connector_58624_1639216290\",\"line\":\"3e0490f0\",\"path\":[\"corporations\",{\"path_element_type\":\"current_item\"},\"count\"]}')}",
                  "rhs": "0",
                  "uuid": "condition-583f10db-173e-4e4c-a987-d6024ac3e7fe"
                }
              ]
            },
            "block": [
              {
                "number": 8,
                "provider": "slack_bot",
                "name": "block_kit_modals",
                "as": "9a5955cc",
                "title": null,
                "description": "Update a <span class=\"provider\">modal view</span> as <span class=\"provider\">Slack Workbot</span>",
                "keyword": "action",
                "dynamicPickListSelection": {
                },
                "toggleCfg": {
                  "modal_action_type": true,
                  "view.submit_view.bot_command": false
                },
                "input": {
                  "modal_action_type": "update",
                  "view": {
                    "modal_title": "取引先登録",
                    "blocks": [
                      {
                        "block_type": "section_with_fields",
                        "section_text": ":exclamation: 該当する法人が存在しませんでした...",
                        "attachment_fields": [
                          {
                            "title": "取引先名：\n",
                            "value": "`#{_dp('{\"pill_type\":\"output\",\"provider\":\"slack_bot\",\"line\":\"8d03ef0c\",\"path\":[\"parameters\",\"account_name\"]}')}`"
                          },
                          {
                            "title": "所在地（都道府県）：\n",
                            "value": "=\"`\" + _dp('{\"pill_type\":\"output\",\"provider\":\"lookup_table\",\"line\":\"955badbb\",\"path\":[\"entries\"]}').pluck('entry').where(col1: _dp('{\"pill_type\":\"output\",\"provider\":\"slack_bot\",\"line\":\"8d03ef0c\",\"path\":[\"parameters\",\"account_prefecture\"]}'))[0]['col2'] + \"`\""
                          }
                        ]
                      }
                    ],
                    "submit_view": {
                      "close_text": "キャンセル",
                      "submit_text": ":mag: 再検索",
                      "bot_command": "salesforce 取引先登録 法人番号",
                      "continue_flow": "false"
                    }
                  },
                  "view_id": "#{_dp('{\"pill_type\":\"output\",\"provider\":\"slack_bot\",\"line\":\"78bc38a5\",\"path\":[\"view\",\"id\"]}')}"
                },
                "comment": "再検索のボタンを表示",
                "uuid": "018db3fe-4fe7-4195-b669-c7b66ddcff0c"
              },
              {
                "number": 9,
                "keyword": "else",
                "dynamicPickListSelection": {
                },
                "toggleCfg": {
                },
                "input": {
                },
                "block": [
                  {
                    "number": 10,
                    "provider": "slack_bot",
                    "name": "block_kit_modals",
                    "as": "eaa4bd34",
                    "title": null,
                    "description": "Update a <span class=\"provider\">modal view</span> as <span class=\"provider\">Slack Workbot</span> and wait for user input",
                    "keyword": "action",
                    "dynamicPickListSelection": {
                    },
                    "toggleCfg": {
                      "modal_action_type": true
                    },
                    "input": {
                      "modal_action_type": "update",
                      "view_id": "#{_dp('{\"pill_type\":\"output\",\"provider\":\"slack_bot\",\"line\":\"78bc38a5\",\"path\":[\"view\",\"id\"]}')}",
                      "view": {
                        "modal_title": "取引先登録",
                        "blocks": [
                          {
                            "block_type": "section_with_text",
                            "section_text": "`#{_dp('{\"pill_type\":\"output\",\"provider\":\"法人番号システム_connector_58624_1639216290\",\"line\":\"3e0490f0\",\"path\":[\"corporations\",{\"path_element_type\":\"current_item\"},\"count\"]}')}` 件の法人情報がヒットしました！\nSalesforceへの登録に使用したい法人情報を選択してください。"
                          },
                          {
                            "block_type": "divider"
                          },
                          {
                            "block_type": "radio_buttons_input",
                            "label_text": "法人情報一覧",
                            "block_id": "corporate_number",
                            "options": {
                              "title": "#{_dp('{\"pill_type\":\"output\",\"provider\":\"法人番号システム_connector_58624_1639216290\",\"line\":\"3e0490f0\",\"path\":[\"corporations\",{\"path_element_type\":\"current_item\"},\"corporation\",{\"path_element_type\":\"current_item\"},\"name\"]}')}\n:round_pushpin: #{_dp('{\"pill_type\":\"output\",\"provider\":\"法人番号システム_connector_58624_1639216290\",\"line\":\"3e0490f0\",\"path\":[\"corporations\",{\"path_element_type\":\"current_item\"},\"corporation\",{\"path_element_type\":\"current_item\"},\"prefectureName\"]}')}#{_dp('{\"pill_type\":\"output\",\"provider\":\"法人番号システム_connector_58624_1639216290\",\"line\":\"3e0490f0\",\"path\":[\"corporations\",{\"path_element_type\":\"current_item\"},\"corporation\",{\"path_element_type\":\"current_item\"},\"cityName\"]}')}#{_dp('{\"pill_type\":\"output\",\"provider\":\"法人番号システム_connector_58624_1639216290\",\"line\":\"3e0490f0\",\"path\":[\"corporations\",{\"path_element_type\":\"current_item\"},\"corporation\",{\"path_element_type\":\"current_item\"},\"streetNumber\"]}')}",
                              "____source": "#{_dp('{\"pill_type\":\"output\",\"provider\":\"法人番号システム_connector_58624_1639216290\",\"line\":\"3e0490f0\",\"path\":[\"corporations\",{\"path_element_type\":\"current_item\"},\"corporation\"]}')}",
                              "value": "#{_dp('{\"pill_type\":\"output\",\"provider\":\"法人番号システム_connector_58624_1639216290\",\"line\":\"3e0490f0\",\"path\":[\"corporations\",{\"path_element_type\":\"current_item\"},\"corporation\",{\"path_element_type\":\"current_item\"},\"corporateNumber\"]}')}"
                            },
                            "optional": "false"
                          },
                          {
                            "block_type": "divider"
                          }
                        ],
                        "submit_view": {
                          "submit_text": "登録",
                          "close_text": "キャンセル",
                          "continue_flow": "true"
                        }
                      }
                    },
                    "extended_output_schema": [
                      {
                        "label": "Parameters",
                        "name": "parameters",
                        "properties": [
                          {
                            "control_type": "text",
                            "label": "Corporate number",
                            "name": "corporate_number",
                            "type": "string"
                          }
                        ],
                        "type": "object"
                      }
                    ],
                    "visible_config_fields": [
                      "modal_action_type",
                      "view_id",
                      "view.blocks",
                      "view.blocks.block_type",
                      "view.blocks.section_text",
                      "view.blocks.image_url",
                      "view.blocks.alt_text",
                      "view.blocks.button_title",
                      "view.blocks.url",
                      "view.blocks.bot_command",
                      "view.blocks.params",
                      "view.blocks.style",
                      "view.blocks.attachment_fields",
                      "view.blocks.attachment_fields.value",
                      "view.blocks.placeholder_text",
                      "view.blocks.menu_type",
                      "view.blocks.dynamic_menu_recipe",
                      "view.blocks.field_name",
                      "view.blocks.options",
                      "view.blocks.options.title",
                      "view.blocks.options.bot_command",
                      "view.blocks.options.params",
                      "view.blocks.options.init_value",
                      "view.blocks.init_option",
                      "view.blocks.options.value",
                      "view.blocks.init_options",
                      "view.blocks.initial_date",
                      "view.blocks.image_title",
                      "view.blocks.elements",
                      "view.blocks.elements.type",
                      "view.blocks.elements.text",
                      "view.blocks.elements.image_url",
                      "view.blocks.elements.alt_text",
                      "view.blocks.actions",
                      "view.blocks.actions.type",
                      "view.blocks.actions.button_title",
                      "view.blocks.actions.url",
                      "view.blocks.actions.bot_command",
                      "view.blocks.actions.params",
                      "view.blocks.actions.style",
                      "view.blocks.actions.placeholder_text",
                      "view.blocks.actions.initial_date",
                      "view.blocks.actions.field_name",
                      "view.blocks.actions.options",
                      "view.blocks.actions.options.params",
                      "view.blocks.actions.menu_type",
                      "view.blocks.actions.dynamic_menu_recipe",
                      "view.blocks.label_text",
                      "view.blocks.hint_text",
                      "view.blocks.optional",
                      "view.blocks.initial_value",
                      "view.blocks.objects",
                      "view.blocks.objects.blocks",
                      "view.blocks.objects.blocks.block_type",
                      "view.blocks.objects.blocks.section_text",
                      "view.blocks.objects.blocks.image_url",
                      "view.blocks.objects.blocks.alt_text",
                      "view.blocks.objects.blocks.button_title",
                      "view.blocks.objects.blocks.url",
                      "view.blocks.objects.blocks.bot_command",
                      "view.blocks.objects.blocks.params",
                      "view.blocks.objects.blocks.style",
                      "view.blocks.objects.blocks.attachment_fields",
                      "view.blocks.objects.blocks.attachment_fields.value",
                      "view.blocks.objects.blocks.placeholder_text",
                      "view.blocks.objects.blocks.menu_type",
                      "view.blocks.objects.blocks.dynamic_menu_recipe",
                      "view.blocks.objects.blocks.field_name",
                      "view.blocks.objects.blocks.options",
                      "view.blocks.objects.blocks.options.title",
                      "view.blocks.objects.blocks.options.bot_command",
                      "view.blocks.objects.blocks.options.params",
                      "view.blocks.objects.blocks.options.init_value",
                      "view.blocks.objects.blocks.init_option",
                      "view.blocks.objects.blocks.initial_date",
                      "view.blocks.objects.blocks.image_title",
                      "view.blocks.objects.blocks.elements",
                      "view.blocks.objects.blocks.elements.type",
                      "view.blocks.objects.blocks.elements.text",
                      "view.blocks.objects.blocks.elements.image_url",
                      "view.blocks.objects.blocks.elements.alt_text",
                      "view.blocks.objects.blocks.actions",
                      "view.blocks.objects.blocks.actions.type",
                      "view.blocks.objects.blocks.actions.button_title",
                      "view.blocks.objects.blocks.actions.url",
                      "view.blocks.objects.blocks.actions.bot_command",
                      "view.blocks.objects.blocks.actions.params",
                      "view.blocks.objects.blocks.actions.style",
                      "view.blocks.objects.blocks.actions.placeholder_text",
                      "view.blocks.objects.blocks.actions.initial_date",
                      "view.blocks.objects.blocks.actions.field_name",
                      "view.blocks.objects.blocks.actions.options",
                      "view.blocks.objects.blocks.actions.options.params",
                      "view.blocks.objects.blocks.actions.menu_type",
                      "view.blocks.objects.blocks.actions.dynamic_menu_recipe",
                      "view.submit_view.continue_flow",
                      "view.submit_view.bot_command",
                      "view.submit_view.params",
                      "view.submit_view.submit_text",
                      "view.submit_view.close_text",
                      "trigger_id",
                      "view.submit_view.clear_on_close",
                      "view.submit_view.notify_on_close",
                      "view.advanced.callback_id"
                    ],
                    "comment": "Salesforceに登録したい法人情報を選択するモーダルを表示",
                    "uuid": "b1bb27a1-1749-4b50-861f-46090513dd05"
                  }
                ],
                "comment": "法人情報がヒットしたら、",
                "uuid": "0acccbf2-d968-44d9-8714-cd8785af3df2"
              }
            ],
            "comment": "法人情報がヒットしなかったら、",
            "uuid": "340b5b43-27a0-4c52-8a5e-8e8daa3780fb"
          },
          {
            "number": 11,
            "provider": "slack_bot",
            "name": "block_kit_modals",
            "as": "b43e474c",
            "title": null,
            "description": "Open a <span class=\"provider\">modal view</span> as <span class=\"provider\">Slack Workbot</span>",
            "keyword": "action",
            "dynamicPickListSelection": {
            },
            "toggleCfg": {
              "modal_action_type": true
            },
            "input": {
              "modal_action_type": "open",
              "view": {
                "modal_title": "取引先登録",
                "blocks": [
                  {
                    "block_type": "section_with_text",
                    "section_text": ":loading: 選択された法人情報でSalesforceに取引先を登録しています...\n登録完了後に通知しますのでこちらの画面は閉じて問題ございません！"
                  }
                ],
                "submit_view": {
                  "close_text": "閉じる"
                }
              }
            },
            "comment": "取引先を登録中のモーダルを表示",
            "uuid": "5c307c12-e741-42bb-9aca-0dbb9bee6917",
            "skip": false
          },
          {
            "number": 12,
            "provider": "法人番号システム_connector_58624_1639216290",
            "name": "search_records_by_corporation_number",
            "as": "5d3755b3",
            "keyword": "action",
            "dynamicPickListSelection": {
            },
            "toggleCfg": {
            },
            "input": {
              "number": "#{_dp('{\"pill_type\":\"output\",\"provider\":\"slack_bot\",\"line\":\"eaa4bd34\",\"path\":[\"parameters\",\"corporate_number\"]}')}"
            },
            "comment": "選択された法人情報を取得",
            "uuid": "15004e76-da0a-43dc-9d1c-333abc1c78ee"
          },
          {
            "number": 13,
            "provider": "salesforce",
            "name": "upsert_sobject",
            "as": "5366c2d5",
            "title": "Upsert 取引先",
            "description": "Upsert <span class=\"provider\">取引先</span> in <span class=\"provider\">Salesforce</span>",
            "keyword": "action",
            "dynamicPickListSelection": {
              "sobject_name": "取引先",
              "query_field.primary_key": [
                {
                  "label": "法人番号",
                  "value": "corporate_number__c"
                }
              ]
            },
            "toggleCfg": {
            },
            "input": {
              "sobject_name": "Account",
              "query_field": {
                "primary_key": "corporate_number__c"
              },
              "Name": "#{_dp('{\"pill_type\":\"output\",\"provider\":\"法人番号システム_connector_58624_1639216290\",\"line\":\"5d3755b3\",\"path\":[\"corporations\",{\"path_element_type\":\"current_item\"},\"corporation\",{\"path_element_type\":\"current_item\"},\"name\"]}')}",
              "corporate_number__c": "#{_dp('{\"pill_type\":\"output\",\"provider\":\"法人番号システム_connector_58624_1639216290\",\"line\":\"5d3755b3\",\"path\":[\"corporations\",{\"path_element_type\":\"current_item\"},\"corporation\",{\"path_element_type\":\"current_item\"},\"corporateNumber\"]}')}",
              "BillingCity": "#{_dp('{\"pill_type\":\"output\",\"provider\":\"法人番号システム_connector_58624_1639216290\",\"line\":\"5d3755b3\",\"path\":[\"corporations\",{\"path_element_type\":\"current_item\"},\"corporation\",{\"path_element_type\":\"current_item\"},\"cityName\"]}')}",
              "BillingStreet": "#{_dp('{\"pill_type\":\"output\",\"provider\":\"法人番号システム_connector_58624_1639216290\",\"line\":\"5d3755b3\",\"path\":[\"corporations\",{\"path_element_type\":\"current_item\"},\"corporation\",{\"path_element_type\":\"current_item\"},\"streetNumber\"]}')}",
              "BillingPostalCode": "#{_dp('{\"pill_type\":\"output\",\"provider\":\"法人番号システム_connector_58624_1639216290\",\"line\":\"5d3755b3\",\"path\":[\"corporations\",{\"path_element_type\":\"current_item\"},\"corporation\",{\"path_element_type\":\"current_item\"},\"postCode\"]}')}",
              "BillingState": "#{_dp('{\"pill_type\":\"output\",\"provider\":\"法人番号システム_connector_58624_1639216290\",\"line\":\"5d3755b3\",\"path\":[\"corporations\",{\"path_element_type\":\"current_item\"},\"corporation\",{\"path_element_type\":\"current_item\"},\"prefectureName\"]}')}"
            },
            "extended_input_schema": [
              {
                "control_type": "text",
                "custom": false,
                "label": "取引先名",
                "name": "Name",
                "type": "string",
                "event_title": true,
                "sfdc_createable": true,
                "sfdc_updateable": true
              },
              {
                "control_type": "text",
                "custom": true,
                "hint": "Search for  where 法人番号 has this value. If a record already exists, it will be updated. Otherwise, a new record will be created",
                "label": "法人番号",
                "name": "corporate_number__c",
                "optional": true,
                "sticky": true,
                "type": "string",
                "sfdc_createable": true,
                "sfdc_updateable": true
              },
              {
                "control_type": "select",
                "custom": false,
                "label": "Billing Geocode Accuracy",
                "name": "BillingGeocodeAccuracy",
                "optional": true,
                "pick_list": "sobject_field_values_list",
                "pick_list_params": {
                  "sobject_name": "\"Account\"",
                  "field_name": "\"BillingGeocodeAccuracy\""
                },
                "toggle_field": {
                  "control_type": "text",
                  "label": "Billing Geocode Accuracy",
                  "toggle_hint": "Enter custom value",
                  "optional": true,
                  "custom": false,
                  "sfdc_createable": true,
                  "sfdc_updateable": true,
                  "type": "string",
                  "name": "BillingGeocodeAccuracy"
                },
                "toggle_hint": "Select from list",
                "type": "string",
                "sfdc_createable": true,
                "sfdc_updateable": true
              },
              {
                "control_type": "text",
                "custom": false,
                "label": "D&B 企業 ID",
                "name": "DandbCompanyId",
                "optional": true,
                "type": "string",
                "sfdc_createable": true,
                "sfdc_updateable": true
              },
              {
                "control_type": "text",
                "custom": false,
                "label": "D-U-N-S 番号",
                "name": "DunsNumber",
                "optional": true,
                "type": "string",
                "sfdc_createable": true,
                "sfdc_updateable": true
              },
              {
                "control_type": "text",
                "custom": false,
                "label": "Data.com キー",
                "name": "Jigsaw",
                "optional": true,
                "type": "string",
                "sfdc_createable": true,
                "sfdc_updateable": true
              },
              {
                "control_type": "text",
                "custom": false,
                "label": "NAICS の説明",
                "name": "NaicsDesc",
                "optional": true,
                "type": "string",
                "sfdc_createable": true,
                "sfdc_updateable": true
              },
              {
                "control_type": "text",
                "custom": false,
                "label": "NAICS コード",
                "name": "NaicsCode",
                "optional": true,
                "type": "string",
                "sfdc_createable": true,
                "sfdc_updateable": true
              },
              {
                "control_type": "select",
                "custom": false,
                "label": "Shipping Geocode Accuracy",
                "name": "ShippingGeocodeAccuracy",
                "optional": true,
                "pick_list": "sobject_field_values_list",
                "pick_list_params": {
                  "sobject_name": "\"Account\"",
                  "field_name": "\"ShippingGeocodeAccuracy\""
                },
                "toggle_field": {
                  "control_type": "text",
                  "label": "Shipping Geocode Accuracy",
                  "toggle_hint": "Enter custom value",
                  "optional": true,
                  "custom": false,
                  "sfdc_createable": true,
                  "sfdc_updateable": true,
                  "type": "string",
                  "name": "ShippingGeocodeAccuracy"
                },
                "toggle_hint": "Select from list",
                "type": "string",
                "sfdc_createable": true,
                "sfdc_updateable": true
              },
              {
                "control_type": "url",
                "custom": false,
                "label": "Web サイト",
                "name": "Website",
                "optional": true,
                "sticky": true,
                "type": "string",
                "sfdc_createable": true,
                "sfdc_updateable": true
              },
              {
                "control_type": "select",
                "custom": false,
                "label": "会社形態",
                "name": "Ownership",
                "optional": true,
                "pick_list": "sobject_field_values_list",
                "pick_list_params": {
                  "sobject_name": "\"Account\"",
                  "field_name": "\"Ownership\""
                },
                "toggle_field": {
                  "control_type": "text",
                  "label": "会社形態",
                  "toggle_hint": "Enter custom value",
                  "optional": true,
                  "custom": false,
                  "sfdc_createable": true,
                  "sfdc_updateable": true,
                  "type": "string",
                  "name": "Ownership"
                },
                "toggle_hint": "Select from list",
                "type": "string",
                "sfdc_createable": true,
                "sfdc_updateable": true
              },
              {
                "control_type": "phone",
                "custom": false,
                "label": "取引先 Fax",
                "name": "Fax",
                "optional": true,
                "type": "string",
                "sfdc_createable": true,
                "sfdc_updateable": true
              },
              {
                "control_type": "select",
                "custom": false,
                "label": "取引先 種別",
                "name": "Type",
                "optional": true,
                "pick_list": "sobject_field_values_list",
                "pick_list_params": {
                  "sobject_name": "\"Account\"",
                  "field_name": "\"Type\""
                },
                "toggle_field": {
                  "control_type": "text",
                  "label": "取引先 種別",
                  "toggle_hint": "Enter custom value",
                  "optional": true,
                  "custom": false,
                  "sfdc_createable": true,
                  "sfdc_updateable": true,
                  "type": "string",
                  "name": "Type"
                },
                "toggle_hint": "Select from list",
                "type": "string",
                "sfdc_createable": true,
                "sfdc_updateable": true
              },
              {
                "control_type": "select",
                "custom": false,
                "label": "取引先 評価",
                "name": "Rating",
                "optional": true,
                "pick_list": "sobject_field_values_list",
                "pick_list_params": {
                  "sobject_name": "\"Account\"",
                  "field_name": "\"Rating\""
                },
                "toggle_field": {
                  "control_type": "text",
                  "label": "取引先 評価",
                  "toggle_hint": "Enter custom value",
                  "optional": true,
                  "custom": false,
                  "sfdc_createable": true,
                  "sfdc_updateable": true,
                  "type": "string",
                  "name": "Rating"
                },
                "toggle_hint": "Select from list",
                "type": "string",
                "sfdc_createable": true,
                "sfdc_updateable": true
              },
              {
                "control_type": "text-area",
                "custom": false,
                "label": "取引先 説明",
                "name": "Description",
                "optional": true,
                "type": "string",
                "sfdc_createable": true,
                "sfdc_updateable": true
              },
              {
                "control_type": "text",
                "custom": false,
                "label": "取引先 部門",
                "name": "Site",
                "optional": true,
                "type": "string",
                "sfdc_createable": true,
                "sfdc_updateable": true
              },
              {
                "control_type": "phone",
                "custom": false,
                "label": "取引先 電話",
                "name": "Phone",
                "optional": true,
                "sticky": true,
                "type": "string",
                "sfdc_createable": true,
                "sfdc_updateable": true
              },
              {
                "control_type": "select",
                "custom": false,
                "label": "取引先ソース",
                "name": "AccountSource",
                "optional": true,
                "pick_list": "sobject_field_values_list",
                "pick_list_params": {
                  "sobject_name": "\"Account\"",
                  "field_name": "\"AccountSource\""
                },
                "toggle_field": {
                  "control_type": "text",
                  "label": "取引先ソース",
                  "toggle_hint": "Enter custom value",
                  "optional": true,
                  "custom": false,
                  "sfdc_createable": true,
                  "sfdc_updateable": true,
                  "type": "string",
                  "name": "AccountSource"
                },
                "toggle_hint": "Select from list",
                "type": "string",
                "sfdc_createable": true,
                "sfdc_updateable": true
              },
              {
                "control_type": "text",
                "custom": false,
                "label": "取引先番号",
                "name": "AccountNumber",
                "optional": true,
                "type": "string",
                "sfdc_createable": true,
                "sfdc_updateable": true
              },
              {
                "control_type": "text",
                "custom": false,
                "label": "取引形態",
                "name": "Tradestyle",
                "optional": true,
                "type": "string",
                "sfdc_createable": true,
                "sfdc_updateable": true
              },
              {
                "control_type": "text",
                "custom": false,
                "label": "営業時間 ID",
                "name": "OperatingHoursId",
                "optional": true,
                "type": "string",
                "sfdc_createable": true,
                "sfdc_updateable": true
              },
              {
                "control_type": "text",
                "custom": false,
                "label": "国(納入先)",
                "name": "ShippingCountry",
                "optional": true,
                "type": "string",
                "sfdc_createable": true,
                "sfdc_updateable": true
              },
              {
                "control_type": "text",
                "custom": false,
                "label": "国(請求先)",
                "name": "BillingCountry",
                "optional": true,
                "sticky": true,
                "type": "string",
                "sfdc_createable": true,
                "sfdc_updateable": true
              },
              {
                "control_type": "text",
                "custom": false,
                "label": "市区郡(納入先)",
                "name": "ShippingCity",
                "optional": true,
                "type": "string",
                "sfdc_createable": true,
                "sfdc_updateable": true
              },
              {
                "control_type": "text",
                "custom": false,
                "label": "市区郡(請求先)",
                "name": "BillingCity",
                "optional": true,
                "type": "string",
                "sfdc_createable": true,
                "sfdc_updateable": true
              },
              {
                "control_type": "number",
                "custom": false,
                "label": "年間売上",
                "name": "AnnualRevenue",
                "optional": true,
                "parse_output": "float_conversion",
                "type": "number",
                "sfdc_createable": true,
                "sfdc_updateable": true
              },
              {
                "control_type": "number",
                "custom": false,
                "label": "従業員数",
                "name": "NumberOfEmployees",
                "optional": true,
                "parse_output": "integer_conversion",
                "type": "integer",
                "sfdc_createable": true,
                "sfdc_updateable": true
              },
              {
                "control_type": "text",
                "custom": false,
                "label": "所有者 ID",
                "name": "OwnerId",
                "optional": true,
                "type": "string",
                "sfdc_createable": true,
                "sfdc_updateable": true
              },
              {
                "control_type": "text",
                "custom": false,
                "label": "株式コード",
                "name": "TickerSymbol",
                "optional": true,
                "type": "string",
                "sfdc_createable": true,
                "sfdc_updateable": true
              },
              {
                "control_type": "select",
                "custom": false,
                "label": "業種",
                "name": "Industry",
                "optional": true,
                "pick_list": "sobject_field_values_list",
                "pick_list_params": {
                  "sobject_name": "\"Account\"",
                  "field_name": "\"Industry\""
                },
                "toggle_field": {
                  "control_type": "text",
                  "label": "業種",
                  "toggle_hint": "Enter custom value",
                  "optional": true,
                  "custom": false,
                  "sfdc_createable": true,
                  "sfdc_updateable": true,
                  "type": "string",
                  "name": "Industry"
                },
                "toggle_hint": "Select from list",
                "type": "string",
                "sfdc_createable": true,
                "sfdc_updateable": true
              },
              {
                "control_type": "select",
                "custom": false,
                "label": "状況をクリーンアップ",
                "name": "CleanStatus",
                "optional": true,
                "pick_list": "sobject_field_values_list",
                "pick_list_params": {
                  "sobject_name": "\"Account\"",
                  "field_name": "\"CleanStatus\""
                },
                "toggle_field": {
                  "control_type": "text",
                  "label": "状況をクリーンアップ",
                  "toggle_hint": "Enter custom value",
                  "optional": true,
                  "custom": false,
                  "sfdc_createable": true,
                  "sfdc_updateable": true,
                  "type": "string",
                  "name": "CleanStatus"
                },
                "toggle_hint": "Select from list",
                "type": "string",
                "sfdc_createable": true,
                "sfdc_updateable": true
              },
              {
                "control_type": "text",
                "custom": false,
                "label": "産業コード",
                "name": "Sic",
                "optional": true,
                "type": "string",
                "sfdc_createable": true,
                "sfdc_updateable": true
              },
              {
                "control_type": "text",
                "custom": false,
                "label": "産業区分の説明",
                "name": "SicDesc",
                "optional": true,
                "type": "string",
                "sfdc_createable": true,
                "sfdc_updateable": true
              },
              {
                "control_type": "text-area",
                "custom": false,
                "label": "町名・番地(納入先)",
                "name": "ShippingStreet",
                "optional": true,
                "sticky": true,
                "type": "string",
                "sfdc_createable": true,
                "sfdc_updateable": true
              },
              {
                "control_type": "text-area",
                "custom": false,
                "label": "町名・番地(請求先)",
                "name": "BillingStreet",
                "optional": true,
                "type": "string",
                "sfdc_createable": true,
                "sfdc_updateable": true
              },
              {
                "control_type": "number",
                "custom": false,
                "label": "経度(納入先)",
                "name": "ShippingLongitude",
                "optional": true,
                "parse_output": "float_conversion",
                "type": "number",
                "sfdc_createable": true,
                "sfdc_updateable": true
              },
              {
                "control_type": "number",
                "custom": false,
                "label": "経度(請求先)",
                "name": "BillingLongitude",
                "optional": true,
                "parse_output": "float_conversion",
                "type": "number",
                "sfdc_createable": true,
                "sfdc_updateable": true
              },
              {
                "control_type": "number",
                "custom": false,
                "label": "緯度(納入先)",
                "name": "ShippingLatitude",
                "optional": true,
                "parse_output": "float_conversion",
                "type": "number",
                "sfdc_createable": true,
                "sfdc_updateable": true
              },
              {
                "control_type": "number",
                "custom": false,
                "label": "緯度(請求先)",
                "name": "BillingLatitude",
                "optional": true,
                "parse_output": "float_conversion",
                "type": "number",
                "sfdc_createable": true,
                "sfdc_updateable": true
              },
              {
                "control_type": "text",
                "custom": false,
                "label": "親取引先 ID",
                "name": "ParentId",
                "optional": true,
                "type": "string",
                "sfdc_createable": true,
                "sfdc_updateable": true
              },
              {
                "control_type": "text",
                "custom": false,
                "label": "郵便番号(納入先)",
                "name": "ShippingPostalCode",
                "optional": true,
                "type": "string",
                "sfdc_createable": true,
                "sfdc_updateable": true
              },
              {
                "control_type": "text",
                "custom": false,
                "label": "郵便番号(請求先)",
                "name": "BillingPostalCode",
                "optional": true,
                "type": "string",
                "sfdc_createable": true,
                "sfdc_updateable": true
              },
              {
                "control_type": "text",
                "custom": false,
                "label": "都道府県(納入先)",
                "name": "ShippingState",
                "optional": true,
                "type": "string",
                "sfdc_createable": true,
                "sfdc_updateable": true
              },
              {
                "control_type": "text",
                "custom": false,
                "label": "都道府県(請求先)",
                "name": "BillingState",
                "optional": true,
                "sticky": true,
                "type": "string",
                "sfdc_createable": true,
                "sfdc_updateable": true
              },
              {
                "control_type": "text",
                "custom": false,
                "label": "開始年",
                "name": "YearStarted",
                "optional": true,
                "type": "string",
                "sfdc_createable": true,
                "sfdc_updateable": true
              },
              {
                "control_type": "select",
                "custom": true,
                "label": "Active",
                "name": "Active__c",
                "optional": true,
                "pick_list": "sobject_field_values_list",
                "pick_list_params": {
                  "sobject_name": "\"Account\"",
                  "field_name": "\"Active__c\""
                },
                "toggle_field": {
                  "control_type": "text",
                  "label": "Active",
                  "toggle_hint": "Enter custom value",
                  "optional": true,
                  "custom": true,
                  "sfdc_createable": true,
                  "sfdc_updateable": true,
                  "type": "string",
                  "name": "Active__c"
                },
                "toggle_hint": "Select from list",
                "type": "string",
                "sfdc_createable": true,
                "sfdc_updateable": true
              },
              {
                "control_type": "select",
                "custom": true,
                "label": "Customer Priority",
                "name": "CustomerPriority__c",
                "optional": true,
                "pick_list": "sobject_field_values_list",
                "pick_list_params": {
                  "sobject_name": "\"Account\"",
                  "field_name": "\"CustomerPriority__c\""
                },
                "toggle_field": {
                  "control_type": "text",
                  "label": "Customer Priority",
                  "toggle_hint": "Enter custom value",
                  "optional": true,
                  "custom": true,
                  "sfdc_createable": true,
                  "sfdc_updateable": true,
                  "type": "string",
                  "name": "CustomerPriority__c"
                },
                "toggle_hint": "Select from list",
                "type": "string",
                "sfdc_createable": true,
                "sfdc_updateable": true
              },
              {
                "control_type": "number",
                "custom": true,
                "label": "Number of Locations",
                "name": "NumberofLocations__c",
                "optional": true,
                "parse_output": "float_conversion",
                "type": "number",
                "sfdc_createable": true,
                "sfdc_updateable": true
              },
              {
                "control_type": "text",
                "custom": true,
                "label": "Oracle AccountID",
                "name": "Oracle_AccountID__c",
                "optional": true,
                "type": "string",
                "sfdc_createable": true,
                "sfdc_updateable": true
              },
              {
                "control_type": "select",
                "custom": true,
                "label": "SLA",
                "name": "SLA__c",
                "optional": true,
                "pick_list": "sobject_field_values_list",
                "pick_list_params": {
                  "sobject_name": "\"Account\"",
                  "field_name": "\"SLA__c\""
                },
                "toggle_field": {
                  "control_type": "text",
                  "label": "SLA",
                  "toggle_hint": "Enter custom value",
                  "optional": true,
                  "custom": true,
                  "sfdc_createable": true,
                  "sfdc_updateable": true,
                  "type": "string",
                  "name": "SLA__c"
                },
                "toggle_hint": "Select from list",
                "type": "string",
                "sfdc_createable": true,
                "sfdc_updateable": true
              },
              {
                "control_type": "date",
                "custom": true,
                "label": "SLA Expiration Date",
                "name": "SLAExpirationDate__c",
                "optional": true,
                "parse_output": "parse_iso8601_date",
                "type": "date_time",
                "render_input": "render_iso8601_date",
                "sfdc_createable": true,
                "sfdc_updateable": true
              },
              {
                "control_type": "text",
                "custom": true,
                "label": "SLA Serial Number",
                "name": "SLASerialNumber__c",
                "optional": true,
                "type": "string",
                "sfdc_createable": true,
                "sfdc_updateable": true
              },
              {
                "control_type": "select",
                "custom": true,
                "label": "Upsell Opportunity",
                "name": "UpsellOpportunity__c",
                "optional": true,
                "pick_list": "sobject_field_values_list",
                "pick_list_params": {
                  "sobject_name": "\"Account\"",
                  "field_name": "\"UpsellOpportunity__c\""
                },
                "toggle_field": {
                  "control_type": "text",
                  "label": "Upsell Opportunity",
                  "toggle_hint": "Enter custom value",
                  "optional": true,
                  "custom": true,
                  "sfdc_createable": true,
                  "sfdc_updateable": true,
                  "type": "string",
                  "name": "UpsellOpportunity__c"
                },
                "toggle_hint": "Select from list",
                "type": "string",
                "sfdc_createable": true,
                "sfdc_updateable": true
              }
            ],
            "visible_config_fields": [
              "sobject_name",
              "query_field",
              "query_field.primary_key",
              "corporate_number__c",
              "Website",
              "Phone",
              "BillingCountry",
              "BillingState",
              "BillingPostalCode",
              "BillingStreet",
              "BillingCity",
              "Name"
            ],
            "hidden_config_fields": [
              "ShippingStreet"
            ],
            "comment": "SalesforceにUpsert (既に存在しなければ新規作成、既に存在すればそれを更新)",
            "uuid": "5f0abce3-ead1-4357-9c28-6d465efc9610"
          },
          {
            "number": 14,
            "provider": "slack_bot",
            "name": "post_bot_reply_v2",
            "as": "990165b1",
            "title": null,
            "description": "Post <span class=\"provider\">command reply</span> as <span class=\"provider\">Slack Workbot</span>",
            "keyword": "action",
            "dynamicPickListSelection": {
            },
            "toggleCfg": {
              "message.color": false
            },
            "input": {
              "text": ":salesforce: Salesforceの取引先を新規作成しました！",
              "message": {
                "title": ":office: #{_dp('{\"pill_type\":\"output\",\"provider\":\"法人番号システム_connector_58624_1639216290\",\"line\":\"5d3755b3\",\"path\":[\"corporations\",{\"path_element_type\":\"current_item\"},\"corporation\",{\"path_element_type\":\"current_item\"},\"name\"]}')}",
                "color": "#429bd6",
                "title_link": "#{_dp('{\"pill_type\":\"account_property\",\"property_name\":\"salesforce_base_url\"}')}/lightning/r/Account/#{_dp('{\"pill_type\":\"output\",\"provider\":\"salesforce\",\"line\":\"5366c2d5\",\"path\":[\"id\"]}')}/view",
                "thumb_url": "https://live.staticflickr.com/65535/49645954583_185da521fa_b.jpg"
              },
              "attachment_fields": [
                {
                  "title": ":maina: 法人番号",
                  "value": "#{_dp('{\"pill_type\":\"output\",\"provider\":\"法人番号システム_connector_58624_1639216290\",\"line\":\"5d3755b3\",\"path\":[\"corporations\",{\"path_element_type\":\"current_item\"},\"corporation\",{\"path_element_type\":\"current_item\"},\"corporateNumber\"]}')}"
                },
                {
                  "title": ":round_pushpin: 所在地",
                  "value": "〒 #{_dp('{\"pill_type\":\"output\",\"provider\":\"法人番号システム_connector_58624_1639216290\",\"line\":\"5d3755b3\",\"path\":[\"corporations\",{\"path_element_type\":\"current_item\"},\"corporation\",{\"path_element_type\":\"current_item\"},\"postCode\"]}')}\n#{_dp('{\"pill_type\":\"output\",\"provider\":\"法人番号システム_connector_58624_1639216290\",\"line\":\"5d3755b3\",\"path\":[\"corporations\",{\"path_element_type\":\"current_item\"},\"corporation\",{\"path_element_type\":\"current_item\"},\"prefectureName\"]}')}#{_dp('{\"pill_type\":\"output\",\"provider\":\"法人番号システム_connector_58624_1639216290\",\"line\":\"5d3755b3\",\"path\":[\"corporations\",{\"path_element_type\":\"current_item\"},\"corporation\",{\"path_element_type\":\"current_item\"},\"cityName\"]}')}#{_dp('{\"pill_type\":\"output\",\"provider\":\"法人番号システム_connector_58624_1639216290\",\"line\":\"5d3755b3\",\"path\":[\"corporations\",{\"path_element_type\":\"current_item\"},\"corporation\",{\"path_element_type\":\"current_item\"},\"streetNumber\"]}')}"
                },
                {
                  "title": ":calendar: 更新年月日",
                  "value": "#{_dp('{\"pill_type\":\"output\",\"provider\":\"法人番号システム_connector_58624_1639216290\",\"line\":\"5d3755b3\",\"path\":[\"corporations\",{\"path_element_type\":\"current_item\"},\"corporation\",{\"path_element_type\":\"current_item\"},\"updateDate\"]}')}"
                },
                {
                  "title": ":calendar: 変更年月日",
                  "value": "#{_dp('{\"pill_type\":\"output\",\"provider\":\"法人番号システム_connector_58624_1639216290\",\"line\":\"5d3755b3\",\"path\":[\"corporations\",{\"path_element_type\":\"current_item\"},\"corporation\",{\"path_element_type\":\"current_item\"},\"changeDate\"]}')}"
                }
              ]
            },
            "visible_config_fields": [
              "blocks",
              "blocks.block_type",
              "blocks.section_text",
              "blocks.image_url",
              "blocks.alt_text",
              "blocks.button_title",
              "blocks.url",
              "blocks.bot_command",
              "blocks.params",
              "blocks.style",
              "blocks.button_type",
              "blocks.attachment_fields",
              "blocks.attachment_fields.value",
              "blocks.placeholder_text",
              "blocks.menu_type",
              "blocks.dynamic_menu_recipe",
              "blocks.field_name",
              "blocks.options",
              "blocks.options.title",
              "blocks.options.bot_command",
              "blocks.options.params",
              "blocks.options.init_value",
              "blocks.init_option",
              "blocks.initial_date",
              "blocks.options.value",
              "blocks.init_options",
              "blocks.image_title",
              "blocks.external_id",
              "blocks.elements",
              "blocks.elements.type",
              "blocks.elements.text",
              "blocks.elements.image_url",
              "blocks.elements.alt_text",
              "blocks.actions",
              "blocks.actions.type",
              "blocks.actions.button_title",
              "blocks.actions.url",
              "blocks.actions.bot_command",
              "blocks.actions.params",
              "blocks.actions.style",
              "blocks.actions.button_type",
              "blocks.actions.placeholder_text",
              "blocks.actions.initial_date",
              "blocks.actions.field_name",
              "blocks.actions.options",
              "blocks.actions.options.params",
              "blocks.actions.menu_type",
              "blocks.actions.dynamic_menu_recipe",
              "blocks.objects",
              "blocks.objects.blocks",
              "blocks.objects.blocks.block_type",
              "blocks.objects.blocks.section_text",
              "blocks.objects.blocks.image_url",
              "blocks.objects.blocks.alt_text",
              "blocks.objects.blocks.button_title",
              "blocks.objects.blocks.button_type",
              "blocks.objects.blocks.bot_command",
              "blocks.objects.blocks.params",
              "blocks.objects.blocks.url",
              "blocks.objects.blocks.style",
              "blocks.objects.blocks.attachment_fields",
              "blocks.objects.blocks.attachment_fields.value",
              "blocks.objects.blocks.placeholder_text",
              "blocks.objects.blocks.menu_type",
              "blocks.objects.blocks.dynamic_menu_recipe",
              "blocks.objects.blocks.field_name",
              "blocks.objects.blocks.options",
              "blocks.objects.blocks.options.title",
              "blocks.objects.blocks.options.bot_command",
              "blocks.objects.blocks.options.params",
              "blocks.objects.blocks.options.init_value",
              "blocks.objects.blocks.init_option",
              "blocks.objects.blocks.initial_date",
              "blocks.objects.blocks.image_title",
              "blocks.objects.blocks.elements",
              "blocks.objects.blocks.elements.type",
              "blocks.objects.blocks.elements.text",
              "blocks.objects.blocks.elements.image_url",
              "blocks.objects.blocks.elements.alt_text",
              "blocks.objects.blocks.actions",
              "blocks.objects.blocks.actions.type",
              "blocks.objects.blocks.actions.button_title",
              "blocks.objects.blocks.actions.url",
              "blocks.objects.blocks.actions.bot_command",
              "blocks.objects.blocks.actions.params",
              "blocks.objects.blocks.actions.style",
              "blocks.objects.blocks.actions.button_type",
              "blocks.objects.blocks.actions.placeholder_text",
              "blocks.objects.blocks.actions.initial_date",
              "blocks.objects.blocks.actions.field_name",
              "blocks.objects.blocks.actions.options",
              "blocks.objects.blocks.actions.options.params",
              "blocks.objects.blocks.actions.menu_type",
              "blocks.objects.blocks.actions.dynamic_menu_recipe",
              "text",
              "message",
              "message.title",
              "message.title_link",
              "message.attachment_text",
              "message.color",
              "message.thumb_url",
              "attachment_fields",
              "attachment_buttons",
              "attachment_items.message.title",
              "attachment_items.message.title_link",
              "attachment_items.message.attachment_text",
              "attachment_items.message.color",
              "attachment_items.attachment_fields",
              "attachment_items.attachment_buttons",
              "attachment_fields.value",
              "attachment_fields.title"
            ],
            "comment": "Salesforceへの登録完了メッセージ",
            "uuid": "d3856787-babf-4a26-899c-6c16c1e08d23"
          },
          {
            "number": 15,
            "as": "a087b48e",
            "keyword": "catch",
            "dynamicPickListSelection": {
            },
            "toggleCfg": {
            },
            "input": {
              "max_retry_count": "0",
              "retry_interval": "2"
            },
            "block": [
              {
                "number": 16,
                "provider": "slack_bot",
                "name": "block_kit_modals",
                "as": "8f43de4b",
                "title": null,
                "description": "Open a <span class=\"provider\">modal view</span> as <span class=\"provider\">Slack Workbot</span>",
                "keyword": "action",
                "dynamicPickListSelection": {
                },
                "toggleCfg": {
                  "modal_action_type": true
                },
                "input": {
                  "modal_action_type": "open",
                  "view": {
                    "modal_title": "取引先登録",
                    "blocks": [
                      {
                        "block_type": "section_with_text",
                        "section_text": ":warning: 予期せぬエラーが発生しました...\n\n管理者にエラー内容を通知いたしました。\n再度お試しいただき、もしそれでもうまくいかない場合は管理者に個別にご連絡ください。\n\nエラータイプ：\n`#{_dp('{\"pill_type\":\"output\",\"provider\":\"catch\",\"line\":\"a087b48e\",\"path\":[\"type\"]}')}`\n\nエラーメッセージ：\n```#{_dp('{\"pill_type\":\"output\",\"provider\":\"catch\",\"line\":\"a087b48e\",\"path\":[\"message\"]}')}```"
                      }
                    ]
                  }
                },
                "uuid": "225661e7-7106-4690-a289-6c119f2c3f36"
              },
              {
                "number": 17,
                "provider": "slack_bot",
                "name": "post_bot_message",
                "as": "72ff12b7",
                "title": null,
                "description": "Post <span class=\"provider\">message</span> as <span class=\"provider\">Slack Workbot</span>",
                "keyword": "action",
                "dynamicPickListSelection": {
                  "channel": {
                    "ids": [
                      "C01CX0PAPQC"
                    ],
                    "titles": [
                      "error-notification"
                    ]
                  }
                },
                "toggleCfg": {
                  "channel": false,
                  "message.color": true
                },
                "input": {
                  "text": ":warning: 下記のレシピでエラーが発生しました！",
                  "attachment_fields": [
                    {
                      "title": "エラータイプ",
                      "value": "#{_dp('{\"pill_type\":\"output\",\"provider\":\"catch\",\"line\":\"a087b48e\",\"path\":[\"type\"]}')}"
                    },
                    {
                      "title": "エラーメッセージ",
                      "value": "#{_dp('{\"pill_type\":\"output\",\"provider\":\"catch\",\"line\":\"a087b48e\",\"path\":[\"message\"]}')}"
                    }
                  ],
                  "channel": "C01CX0PAPQC",
                  "message": {
                    "title": "#{_dp('{\"pill_type\":\"job_context\",\"path\":[\"recipe_name\"]}')}",
                    "title_link": "#{_dp('{\"pill_type\":\"job_context\",\"path\":[\"job_url\"]}')}",
                    "color": "warning"
                  }
                },
                "visible_config_fields": [
                  "channel",
                  "blocks",
                  "blocks.block_type",
                  "blocks.section_text",
                  "blocks.image_url",
                  "blocks.alt_text",
                  "blocks.button_title",
                  "blocks.url",
                  "blocks.bot_command",
                  "blocks.params",
                  "blocks.style",
                  "blocks.button_type",
                  "blocks.attachment_fields",
                  "blocks.attachment_fields.value",
                  "blocks.placeholder_text",
                  "blocks.menu_type",
                  "blocks.dynamic_menu_recipe",
                  "blocks.field_name",
                  "blocks.options",
                  "blocks.options.title",
                  "blocks.options.bot_command",
                  "blocks.options.params",
                  "blocks.options.init_value",
                  "blocks.init_option",
                  "blocks.initial_date",
                  "blocks.options.value",
                  "blocks.init_options",
                  "blocks.image_title",
                  "blocks.external_id",
                  "blocks.elements",
                  "blocks.elements.type",
                  "blocks.elements.text",
                  "blocks.elements.image_url",
                  "blocks.elements.alt_text",
                  "blocks.actions",
                  "blocks.actions.type",
                  "blocks.actions.button_title",
                  "blocks.actions.url",
                  "blocks.actions.bot_command",
                  "blocks.actions.params",
                  "blocks.actions.style",
                  "blocks.actions.button_type",
                  "blocks.actions.placeholder_text",
                  "blocks.actions.initial_date",
                  "blocks.actions.field_name",
                  "blocks.actions.options",
                  "blocks.actions.options.params",
                  "blocks.actions.menu_type",
                  "blocks.actions.dynamic_menu_recipe",
                  "blocks.objects",
                  "blocks.objects.blocks",
                  "blocks.objects.blocks.block_type",
                  "blocks.objects.blocks.section_text",
                  "blocks.objects.blocks.image_url",
                  "blocks.objects.blocks.alt_text",
                  "blocks.objects.blocks.button_title",
                  "blocks.objects.blocks.button_type",
                  "blocks.objects.blocks.bot_command",
                  "blocks.objects.blocks.params",
                  "blocks.objects.blocks.url",
                  "blocks.objects.blocks.style",
                  "blocks.objects.blocks.attachment_fields",
                  "blocks.objects.blocks.attachment_fields.value",
                  "blocks.objects.blocks.placeholder_text",
                  "blocks.objects.blocks.menu_type",
                  "blocks.objects.blocks.dynamic_menu_recipe",
                  "blocks.objects.blocks.field_name",
                  "blocks.objects.blocks.options",
                  "blocks.objects.blocks.options.title",
                  "blocks.objects.blocks.options.bot_command",
                  "blocks.objects.blocks.options.params",
                  "blocks.objects.blocks.options.init_value",
                  "blocks.objects.blocks.init_option",
                  "blocks.objects.blocks.initial_date",
                  "blocks.objects.blocks.image_title",
                  "blocks.objects.blocks.elements",
                  "blocks.objects.blocks.elements.type",
                  "blocks.objects.blocks.elements.text",
                  "blocks.objects.blocks.elements.image_url",
                  "blocks.objects.blocks.elements.alt_text",
                  "blocks.objects.blocks.actions",
                  "blocks.objects.blocks.actions.type",
                  "blocks.objects.blocks.actions.button_title",
                  "blocks.objects.blocks.actions.url",
                  "blocks.objects.blocks.actions.bot_command",
                  "blocks.objects.blocks.actions.params",
                  "blocks.objects.blocks.actions.style",
                  "blocks.objects.blocks.actions.button_type",
                  "blocks.objects.blocks.actions.placeholder_text",
                  "blocks.objects.blocks.actions.initial_date",
                  "blocks.objects.blocks.actions.field_name",
                  "blocks.objects.blocks.actions.options",
                  "blocks.objects.blocks.actions.options.params",
                  "blocks.objects.blocks.actions.menu_type",
                  "blocks.objects.blocks.actions.dynamic_menu_recipe",
                  "text",
                  "message.title",
                  "message.title_link",
                  "message.attachment_text",
                  "message.color",
                  "attachment_fields",
                  "attachment_buttons",
                  "attachment_items.message.title",
                  "attachment_items.message.title_link",
                  "attachment_items.message.attachment_text",
                  "attachment_items.message.color",
                  "attachment_items.attachment_fields",
                  "attachment_items.attachment_buttons",
                  "advanced.ts",
                  "attachment_fields.value",
                  "attachment_fields.title"
                ],
                "comment": "エラー通知",
                "uuid": "f9896add-996c-4ee6-888f-f79316f191b2"
              }
            ],
            "uuid": "6aca57a1-5cd7-422d-b578-6f9cf6ba95fa"
          }
        ],
        "comment": "下記のアクションをモニタリング",
        "uuid": "3e40f2ec-edd4-49b2-801e-ba1c73bfb979"
      }
    ],
    "uuid": "b1dee2b7-eeb2-4071-8783-515af4c36787",
    "unfinished": false
  },
  "config": [
    {
      "keyword": "application",
      "provider": "slack_bot",
      "skip_validation": false,
      "account_id": {
        "zip_name": "Slack - アシスタントボット/アシスタントボット_demo_workato_japan_demo.connection.json",
        "name": "アシスタントボット（Demo@Workato Japan Demo）",
        "folder": "Slack - アシスタントボット"
      }
    },
    {
      "keyword": "application",
      "provider": "lookup_table",
      "skip_validation": false,
      "account_id": null
    },
    {
      "keyword": "application",
      "provider": "法人番号システム_connector_58624_1639216290",
      "skip_validation": false,
      "account_id": {
        "zip_name": "取引先登録/法人番号システム.connection.json",
        "name": "法人番号システム",
        "folder": "取引先登録",
        "custom": true
      }
    },
    {
      "keyword": "application",
      "provider": "workato_recipe_function",
      "skip_validation": false,
      "account_id": null
    },
    {
      "keyword": "application",
      "provider": "salesforce",
      "skip_validation": false,
      "account_id": {
        "zip_name": "Salesforce/salesforce_demo_account_workato_japan_demo_gmail_com.connection.json",
        "name": "Salesforce Demo account (workato.japan.demo@gmail.com)",
        "folder": "Salesforce"
      }
    }
  ]
}