{
  "name": "半角文字を全角文字に変換(half-width character -> full-width character)",
  "description": "引数の半角文字を全角文字に変換します。",
  "version": 2,
  "private": true,
  "concurrency": 1,
  "code": {
    "number": 0,
    "provider": "workato_recipe_function",
    "name": "execute",
    "as": "789fdc01",
    "title": null,
    "description": null,
    "keyword": "trigger",
    "dynamicPickListSelection": {
    },
    "toggleCfg": {
    },
    "input": {
      "parameters_schema_json": "[{\"control_type\":\"text\",\"label\":\"String\",\"name\":\"string\",\"type\":\"string\",\"optional\":false,\"hint\":\"string to convert\"}]",
      "result_schema_json": "[{\"control_type\":\"text\",\"label\":\"Original string\",\"name\":\"original_string\",\"type\":\"string\",\"optional\":false,\"hint\":\"original_string\"},{\"control_type\":\"text\",\"label\":\"Converted string\",\"name\":\"converted_string\",\"type\":\"string\",\"optional\":false,\"hint\":\"converted string\"}]"
    },
    "extended_output_schema": [
      {
        "type": "object",
        "name": "parameters",
        "label": "Parameters",
        "properties": [
          {
            "control_type": "text",
            "label": "String",
            "name": "string",
            "type": "string",
            "optional": false,
            "hint": "string to convert"
          }
        ]
      }
    ],
    "block": [
      {
        "number": 1,
        "provider": "js_eval",
        "name": "invoke_custom_js_code",
        "as": "cde29e8d",
        "title": null,
        "description": "Execute <span class=\"provider\">JavaScript</span> code: <span class=\"provider\">半角→全角変換</span>",
        "keyword": "action",
        "dynamicPickListSelection": {
        },
        "toggleCfg": {
        },
        "input": {
          "code": "const fetch = require(\"node-fetch\")\n\nexports.main = async ({ input }) => {\n  \n  function hankana2Zenkana(str) {\n    var kanaMap = {\n        'ｶﾞ': 'ガ', 'ｷﾞ': 'ギ', 'ｸﾞ': 'グ', 'ｹﾞ': 'ゲ', 'ｺﾞ': 'ゴ',\n        'ｻﾞ': 'ザ', 'ｼﾞ': 'ジ', 'ｽﾞ': 'ズ', 'ｾﾞ': 'ゼ', 'ｿﾞ': 'ゾ',\n        'ﾀﾞ': 'ダ', 'ﾁﾞ': 'ヂ', 'ﾂﾞ': 'ヅ', 'ﾃﾞ': 'デ', 'ﾄﾞ': 'ド',\n        'ﾊﾞ': 'バ', 'ﾋﾞ': 'ビ', 'ﾌﾞ': 'ブ', 'ﾍﾞ': 'ベ', 'ﾎﾞ': 'ボ',\n        'ﾊﾟ': 'パ', 'ﾋﾟ': 'ピ', 'ﾌﾟ': 'プ', 'ﾍﾟ': 'ペ', 'ﾎﾟ': 'ポ',\n        'ｳﾞ': 'ヴ', 'ﾜﾞ': 'ヷ', 'ｦﾞ': 'ヺ',\n        'ｱ': 'ア', 'ｲ': 'イ', 'ｳ': 'ウ', 'ｴ': 'エ', 'ｵ': 'オ',\n        'ｶ': 'カ', 'ｷ': 'キ', 'ｸ': 'ク', 'ｹ': 'ケ', 'ｺ': 'コ',\n        'ｻ': 'サ', 'ｼ': 'シ', 'ｽ': 'ス', 'ｾ': 'セ', 'ｿ': 'ソ',\n        'ﾀ': 'タ', 'ﾁ': 'チ', 'ﾂ': 'ツ', 'ﾃ': 'テ', 'ﾄ': 'ト',\n        'ﾅ': 'ナ', 'ﾆ': 'ニ', 'ﾇ': 'ヌ', 'ﾈ': 'ネ', 'ﾉ': 'ノ',\n        'ﾊ': 'ハ', 'ﾋ': 'ヒ', 'ﾌ': 'フ', 'ﾍ': 'ヘ', 'ﾎ': 'ホ',\n        'ﾏ': 'マ', 'ﾐ': 'ミ', 'ﾑ': 'ム', 'ﾒ': 'メ', 'ﾓ': 'モ',\n        'ﾔ': 'ヤ', 'ﾕ': 'ユ', 'ﾖ': 'ヨ',\n        'ﾗ': 'ラ', 'ﾘ': 'リ', 'ﾙ': 'ル', 'ﾚ': 'レ', 'ﾛ': 'ロ',\n        'ﾜ': 'ワ', 'ｦ': 'ヲ', 'ﾝ': 'ン',\n        'ｧ': 'ァ', 'ｨ': 'ィ', 'ｩ': 'ゥ', 'ｪ': 'ェ', 'ｫ': 'ォ',\n        'ｯ': 'ッ', 'ｬ': 'ャ', 'ｭ': 'ュ', 'ｮ': 'ョ',\n        '0': '０', '1': '１', '2': '２', '3': '３', '4': '４', '5': '５',\n        '6': '６', '7': '７', '8': '８', '9': '９',\n        'A': 'Ａ', 'B': 'Ｂ', 'C': 'Ｃ', 'D': 'Ｄ', 'E': 'Ｅ', 'F': 'Ｆ', 'G': 'Ｇ',\n        'H': 'Ｈ', 'I': 'Ｉ', 'J': 'Ｊ', 'K': 'Ｋ', 'L': 'Ｌ', 'M': 'Ｍ', 'N': 'Ｎ',\n        'O': 'Ｏ', 'P': 'Ｐ', 'Q': 'Ｑ', 'R': 'Ｒ', 'S': 'Ｓ', 'T': 'Ｔ', 'U': 'Ｕ',\n        'V': 'Ｖ', 'W': 'Ｗ', 'X': 'Ｘ', 'Y': 'Ｙ', 'Z': 'Ｚ',\n        ':': '：', ';': '；', '<': '＜', '=': '＝', '>': '＞', '@': '＠',\n        '｡': '。', '､': '、', 'ｰ': 'ー', '｢': '「', '｣': '」', '･': '・',\n        '\"': '＂', '#': '＃', '%': '％', '&': '＆', \"'\": \"＇\",\n        ',': '，', '-': '－', \n        '_': '＿',\n        '`': '｀',\n        'a': 'ａ', 'b': 'ｂ', 'c': 'ｃ', 'd': 'ｄ', 'e': 'ｅ', 'f': 'ｆ', 'g': 'ｇ',\n        'h': 'ｈ', 'i': 'ｉ', 'j': 'ｊ', 'k': 'ｋ', 'l': 'ｌ', 'm': 'ｍ', 'n': 'ｎ',\n        'o': 'ｏ', 'p': 'ｐ', 'q': 'ｑ', 'r': 'ｒ', 's': 'ｓ', 't': 'ｔ', 'u': 'ｕ',\n        'v': 'ｖ', 'w': 'ｗ', 'x': 'ｘ', 'y': 'ｙ', 'z': 'ｚ',\n        '{': '｛', '}': '｝', '~': '～', '⦅': '｟', '⦆': '｠',\n        '¢': '￠', '£': '￡', '¬': '￢',' ̄': '￣', '¦': '￤', '¥': '￥', '₩': '￦', '!': '！'\n    };\n\n    var reg = new RegExp('(' + Object.keys(kanaMap).join('|') + ')', 'g');\n    return str\n            .replace(reg, function (match) {\n                return kanaMap[match];\n            })\n            .replace(/ﾞ/g, '゛')\n            .replace(/ﾟ/g, '゜')\n            .replace(/\\?/g, '？')\n            .replace(/\\(/g, '（')\n            .replace(/\\)/g, '）')\n            .replace(/\\*/g, '＊')\n            .replace(/\\+/g, '＋')\n            .replace(/\\./g, '．')\n            .replace(/\\//g, '／')\n            .replace(/\\[/g, '［')\n            .replace(/\\\\/g, '＼')\n            .replace(/\\]/g, '］')\n            .replace(/\\$/g, '＄')\n            .replace(/\\^/g, '＾')\n            .replace(/\\|/, '｜')\n  };\n\n  output = hankana2Zenkana(input);\n  return { output }\n}",
          "name": "半角→全角変換",
          "code_output_schema_json": "[{\"name\":\"output\",\"type\":\"string\",\"optional\":false,\"control_type\":\"text\"}]",
          "code_input": {
            "schema": "[{\"name\":\"input\",\"type\":\"string\",\"optional\":true,\"label\":\"input\",\"control_type\":\"text\"}]",
            "data": {
              "input": "#{_('data.workato_recipe_function.789fdc01.parameters.string')}"
            }
          }
        },
        "extended_output_schema": [
          {
            "type": "object",
            "name": "output",
            "label": "Output",
            "properties": [
              {
                "control_type": "text",
                "label": "Output",
                "name": "output",
                "type": "string",
                "optional": false
              }
            ]
          }
        ],
        "extended_input_schema": [
          {
            "type": "object",
            "name": "code_input",
            "control_type": "form-schema-builder",
            "label": "Input fields",
            "hint": "Define the input fields that will be passed to your JavaScript code",
            "sticky": true,
            "optional": true,
            "properties": [
              {
                "control_type": "text",
                "label": "Schema",
                "extends_schema": true,
                "type": "string",
                "name": "schema"
              },
              {
                "properties": [
                  {
                    "control_type": "text",
                    "label": "input",
                    "name": "input",
                    "type": "string",
                    "optional": true
                  }
                ],
                "label": "Data",
                "type": "object",
                "name": "data"
              }
            ],
            "override": true
          }
        ],
        "visible_config_fields": [
          "name",
          "code_input",
          "code_output_schema_json",
          "code",
          "code_input.data.input"
        ],
        "uuid": "f507c0ca-8a0b-48e8-b246-a4e582f8a1a7"
      },
      {
        "number": 2,
        "provider": "workato_recipe_function",
        "name": "return_result",
        "as": "c53a885d",
        "title": null,
        "description": null,
        "keyword": "action",
        "dynamicPickListSelection": {
        },
        "toggleCfg": {
        },
        "input": {
          "result": {
            "original_string": "#{_('data.workato_recipe_function.789fdc01.parameters.string')}",
            "converted_string": "#{_('data.js_eval.cde29e8d.output.output')}"
          }
        },
        "extended_output_schema": [
          {
            "type": "object",
            "name": "result",
            "label": "Result",
            "properties": [
              {
                "control_type": "text",
                "label": "Original string",
                "name": "original_string",
                "type": "string",
                "optional": false,
                "hint": "original_string"
              },
              {
                "control_type": "text",
                "label": "Converted string",
                "name": "converted_string",
                "type": "string",
                "optional": false,
                "hint": "converted string"
              }
            ]
          }
        ],
        "extended_input_schema": [
          {
            "type": "object",
            "name": "result",
            "label": "Result",
            "properties": [
              {
                "control_type": "text",
                "label": "Original string",
                "name": "original_string",
                "type": "string",
                "optional": false,
                "hint": "original_string"
              },
              {
                "control_type": "text",
                "label": "Converted string",
                "name": "converted_string",
                "type": "string",
                "optional": false,
                "hint": "converted string"
              }
            ]
          }
        ],
        "uuid": "fe70ec9e-2170-405e-9ae1-9698e4f3c46c"
      }
    ],
    "uuid": "91318781-f9ef-40e7-853e-59d297804def"
  },
  "config": [
    {
      "keyword": "application",
      "provider": "js_eval",
      "skip_validation": false,
      "account_id": null
    },
    {
      "keyword": "application",
      "provider": "workato_recipe_function",
      "skip_validation": false,
      "account_id": null
    }
  ]
}