{
  "name": "【RF】レシートアップロード・家計簿登録",
  "description": "When there is a trigger event, do action",
  "version": 18,
  "private": true,
  "concurrency": 1,
  "code": {
    "number": 0,
    "provider": "workato_recipe_function",
    "name": "execute",
    "as": "760557c2",
    "title": null,
    "description": null,
    "keyword": "trigger",
    "dynamicPickListSelection": {
    },
    "toggleCfg": {
    },
    "input": {
      "parameters_schema_json": "[{\"name\":\"image\",\"type\":\"string\",\"optional\":false,\"control_type\":\"text\",\"label\":\"Image\"},{\"name\":\"category\",\"type\":\"string\",\"optional\":false,\"control_type\":\"text\",\"label\":\"Category\"},{\"name\":\"price\",\"type\":\"string\",\"optional\":false,\"control_type\":\"text\",\"label\":\"Price\"},{\"name\":\"access_profile_name\",\"type\":\"string\",\"optional\":false,\"control_type\":\"text\",\"label\":\"Access profile name\"},{\"name\":\"notes\",\"type\":\"string\",\"optional\":true,\"control_type\":\"text\",\"label\":\"Notes\"}]"
    },
    "extended_output_schema": [
      {
        "label": "Parameters",
        "name": "parameters",
        "properties": [
          {
            "control_type": "text",
            "label": "Image",
            "name": "image",
            "type": "string",
            "optional": false
          },
          {
            "control_type": "text",
            "label": "Category",
            "name": "category",
            "type": "string",
            "optional": false
          },
          {
            "control_type": "text",
            "label": "Price",
            "name": "price",
            "type": "string",
            "optional": false
          },
          {
            "control_type": "text",
            "label": "Access profile name",
            "name": "access_profile_name",
            "type": "string",
            "optional": false
          },
          {
            "control_type": "text",
            "label": "Notes",
            "name": "notes",
            "type": "string",
            "optional": true
          }
        ],
        "type": "object"
      }
    ],
    "block": [
      {
        "number": 1,
        "keyword": "try",
        "dynamicPickListSelection": {
        },
        "toggleCfg": {
        },
        "input": {
        },
        "block": [
          {
            "number": 2,
            "provider": "amazon_s3",
            "name": "upload_file",
            "as": "fec22f2f",
            "title": null,
            "description": null,
            "keyword": "action",
            "dynamicPickListSelection": {
            },
            "toggleCfg": {
            },
            "input": {
              "accelerate": "false",
              "bucket": "atsuya-yamakawa-receipt-us-east-1",
              "object_name": "=now.in_time_zone(\"Asia/Tokyo\").strftime(\"%Y-%m\") + '/' + now.in_time_zone(\"Asia/Tokyo\").strftime(\"%Y%m%d_\") + _('data.workato_recipe_function.760557c2.parameters.category') + \"_\" + _('data.workato_recipe_function.760557c2.parameters.price') + \"円.jpeg\"",
              "file": "#{_('data.workato_recipe_function.760557c2.parameters.image')}",
              "content_type": "image/jpeg"
            },
            "extended_input_schema": [
              {
                "control_type": "text",
                "hint": "Exact, case sensitive bucket name",
                "label": "Bucket name",
                "name": "bucket",
                "optional": false,
                "type": "string"
              },
              {
                "control_type": "text",
                "hint": "Exact, case sensitive name of the object/file",
                "label": "Object name",
                "name": "object_name",
                "optional": false,
                "type": "string"
              },
              {
                "control_type": "text",
                "hint": "Go to <b>Bucket</b>><b>Properties</b>><b>Static website hosting</b> to find your region in the 'Endpoint' URL, e.g. <b>us-west-2</b>",
                "label": "Region",
                "name": "region",
                "optional": true,
                "type": "string"
              },
              {
                "control_type": "text",
                "hint": "The file contents to upload",
                "label": "Contents",
                "name": "file",
                "optional": true,
                "sticky": true,
                "type": "string"
              },
              {
                "control_type": "number",
                "default": "false",
                "hint": "                Default is <b>false</b>. Enter <b>true</b> to use accelerated endpoint.\n                Go to <b>Bucket</b>><b>Properties</b>><b>Transfer acceleration</b> to check if accelerated endpoint is enabled\n",
                "label": "Use accelerated endpoint",
                "name": "accelerate",
                "optional": true,
                "parse_output": "float_conversion",
                "sticky": true,
                "type": "number"
              },
              {
                "control_type": "text",
                "hint": "                The Content-Type metadata to be attached to the file when uploading. Default is \"multipart/form-data\".\n",
                "label": "Content-Type metadata",
                "name": "content_type",
                "optional": true,
                "type": "string"
              },
              {
                "control_type": "select",
                "hint": "                Learn more about canned ACL\n                <a href=\"https://docs.aws.amazon.com/AmazonS3/latest/dev/acl-overview.html#canned-acl\" target=\"_blank\">here</a>.\n",
                "label": "Canned ACL",
                "name": "canned_permission",
                "optional": true,
                "pick_list": [
                  [
                    "Private",
                    "private"
                  ],
                  [
                    "Public  read",
                    "public-read"
                  ],
                  [
                    "Public  read  write",
                    "public-read-write"
                  ],
                  [
                    "Aws  exec  read",
                    "aws-exec-read"
                  ],
                  [
                    "Authenticated  read",
                    "authenticated-read"
                  ],
                  [
                    "Bucket  owner  read",
                    "bucket-owner-read"
                  ],
                  [
                    "Bucket  owner  full  control",
                    "bucket-owner-full-control"
                  ],
                  [
                    "Log  delivery  write",
                    "log-delivery-write"
                  ]
                ],
                "sticky": true,
                "toggle_field": {
                  "type": "array",
                  "name": "explicit_permissions",
                  "label": "Explicit permissions",
                  "control_type": "key_value",
                  "optional": true,
                  "toggle_hint": "Use explicit permissions",
                  "empty_list_title": "Does this HTTP request require headers?",
                  "empty_list_text": "Refer to the API documentation and add required headers to this HTTP request",
                  "item_label": "Header",
                  "properties": [
                    {
                      "name": "name",
                      "label": "Permission name"
                    },
                    {
                      "name": "value",
                      "label": "Grantee",
                      "placeholder": "Email, user ID or group URI"
                    }
                  ],
                  "hint": "                  Learn more about Access Control List (ACL) specific request headers\n                  <a href=\"https://docs.aws.amazon.com/AmazonS3/latest/API/archive-RESTObjectPUTacl.html\" target=\"_blank\">here</a>.\n"
                },
                "toggle_hint": "Select canned ACL",
                "type": "string"
              }
            ],
            "visible_config_fields": [
              "bucket",
              "file",
              "accelerate",
              "canned_permission",
              "content_type",
              "region"
            ],
            "comment": "S3にアップロード",
            "uuid": "57648613-f1f1-4b1c-9063-e9966831fda7"
          },
          {
            "number": 3,
            "as": "d5f3d7da",
            "keyword": "catch",
            "dynamicPickListSelection": {
            },
            "toggleCfg": {
            },
            "input": {
              "max_retry_count": "3",
              "retry_interval": "10"
            },
            "block": [
              {
                "number": 4,
                "provider": "workato_recipe_function",
                "name": "call_recipe_async",
                "as": "f8cd5bbb",
                "title": null,
                "description": "Call <span class=\"provider\">エラーハンドラー</span> (async)",
                "keyword": "action",
                "dynamicPickListSelection": {
                  "flow_id": "エラーハンドラー"
                },
                "toggleCfg": {
                },
                "input": {
                  "flow_id": {
                    "zip_name": "Personal use/エラーハンドラー.recipe.json",
                    "name": "エラーハンドラー",
                    "folder": "Personal use"
                  },
                  "parameters": {
                    "recipe_name": "#{_('data.workato.job_context.recipe_name')}",
                    "job_url": "#{_('data.workato.job_context.job_url')}",
                    "error_type": "#{_('data.catch.d5f3d7da.type')}",
                    "error_message": "#{_('data.catch.d5f3d7da.message')}",
                    "notes": "家計簿登録のレシートアップロードに失敗しました"
                  }
                },
                "extended_input_schema": [
                  {
                    "label": "Parameters",
                    "name": "parameters",
                    "properties": [
                      {
                        "control_type": "text",
                        "label": "Recipe name",
                        "name": "recipe_name",
                        "type": "string",
                        "optional": false
                      },
                      {
                        "control_type": "text",
                        "label": "Job URL",
                        "name": "job_url",
                        "type": "string",
                        "optional": false
                      },
                      {
                        "control_type": "text",
                        "label": "Error type",
                        "name": "error_type",
                        "type": "string",
                        "optional": false
                      },
                      {
                        "control_type": "text",
                        "label": "Error message",
                        "name": "error_message",
                        "type": "string",
                        "optional": false
                      },
                      {
                        "control_type": "text",
                        "label": "Notes",
                        "name": "notes",
                        "type": "string",
                        "optional": true
                      },
                      {
                        "properties": [
                          {
                            "control_type": "text",
                            "label": "To",
                            "name": "To",
                            "type": "string",
                            "optional": false
                          }
                        ],
                        "label": "Send notification to user",
                        "name": "send_notification_to_user",
                        "type": "object",
                        "optional": true
                      }
                    ],
                    "type": "object"
                  }
                ],
                "visible_config_fields": [
                  "flow_id",
                  "parameters.notes"
                ],
                "comment": "それでもエラーが発生したら、エラーハンドラーレシピを呼ぶ",
                "uuid": "6111ddfc-35b9-4e27-9b00-76e2de289b79"
              },
              {
                "number": 5,
                "keyword": "stop",
                "dynamicPickListSelection": {
                },
                "toggleCfg": {
                },
                "input": {
                  "stop_with_error": "true",
                  "stop_reason": "#{_('data.catch.d5f3d7da.message')}"
                },
                "comment": "ジョブをエラーで停止",
                "uuid": "223ebf63-f026-4725-9112-4ae0c97cad98"
              }
            ],
            "comment": "S3へのアップロードに失敗したら、10秒待ってリトライ×3回",
            "uuid": "afb00912-9086-4d8a-9629-eac70ea6ddca"
          }
        ],
        "comment": "エラーモニタリング開始",
        "uuid": "c09c0718-1376-4566-97c4-c2f2558af317"
      },
      {
        "number": 6,
        "keyword": "try",
        "dynamicPickListSelection": {
        },
        "toggleCfg": {
        },
        "input": {
        },
        "block": [
          {
            "number": 7,
            "provider": "google_drive",
            "name": "search_file_or_folder",
            "as": "eb521479",
            "title": null,
            "description": null,
            "keyword": "action",
            "dynamicPickListSelection": {
              "folderId": {
                "ids": [
                  "0AFgfbv6vevL4Uk9PVA",
                  "1iKFhBeFKy3JnhE2EAEuknwg2T0Ewb-cJ",
                  "173bTkQkUaWPbRE1vU4wQ8iu2y8bZNYAo"
                ],
                "titles": [
                  "My Drive",
                  "ふとしくん",
                  "家計簿"
                ]
              }
            },
            "toggleCfg": {
              "folderId": true
            },
            "input": {
              "kind": "Files",
              "name": "=\"【\" + now.in_time_zone(\"Asia/Tokyo\").strftime(\"%Y\") + \"年】家計簿\"",
              "folderId": "173bTkQkUaWPbRE1vU4wQ8iu2y8bZNYAo"
            },
            "visible_config_fields": [
              "query",
              "pageToken",
              "pageSize",
              "name",
              "folderId"
            ],
            "comment": "書き込み先スプレッドシート（【20○○年】家計簿）を検索",
            "uuid": "1c9818c9-6e8f-4eeb-b929-6a0be45a4a9e"
          },
          {
            "number": 8,
            "provider": "google_sheets",
            "name": "add_spreadsheet_row_v4",
            "as": "7c370128",
            "title": null,
            "description": null,
            "keyword": "action",
            "dynamicPickListSelection": {
              "spreadsheet": "家計簿"
            },
            "toggleCfg": {
              "is_top_left": true
            },
            "input": {
              "team_drives": "my_drive",
              "is_top_left": "true",
              "sheet_name": "=now.in_time_zone(\"Asia/Tokyo\").strftime(\"%m\") + \"月支出\"",
              "spreadsheet_id": "#{_('data.google_drive.eb521479.files.first.id')}",
              "column_headers": "購入日\n種別\n詳細\n金額\n登録者\n画像",
              "columns": {
                "col_購入日": "=now.in_time_zone(\"Asia/Tokyo\").strftime(\"%Y/%m/%d\")",
                "col_種別": "#{_('data.workato_recipe_function.760557c2.parameters.category')}",
                "col_金額": "#{_('data.workato_recipe_function.760557c2.parameters.price')}",
                "col_登録者": "#{_('data.workato_recipe_function.760557c2.parameters.access_profile_name')}",
                "col_詳細": "#{_('data.workato_recipe_function.760557c2.parameters.notes')}",
                "col_画像": "='https://' + _('data.workato.job_context.account_properties.My_S3_receipt_bucket', 'account_property', 'My S3 receipt bucket') + '.s3.amazonaws.com/' + now.in_time_zone(\"Asia/Tokyo\").strftime(\"%Y-%m\") + '/' + (now.in_time_zone(\"Asia/Tokyo\").strftime(\"%Y%m%d_\") + _('data.workato_recipe_function.760557c2.parameters.category') + \"_\" + _('data.workato_recipe_function.760557c2.parameters.price') + \"円.jpeg\").encode_url"
              }
            },
            "extended_input_schema": [
              {
                "change_on_blur": true,
                "control_type": "text",
                "extends_schema": true,
                "hint": "Use <b>Sheet name</b> pill from the output of other Google Sheets’ triggers/actions. Or enter sheet name manually.",
                "label": "Sheet name",
                "name": "sheet_name",
                "type": "string"
              },
              {
                "change_on_blur": true,
                "control_type": "text-area",
                "disable_formula": true,
                "extends_schema": true,
                "hint": "List down the column headers in the order that they appear in your sheet. One column per line.",
                "label": "Column headers",
                "name": "column_headers",
                "type": "string"
              },
              {
                "hint": "Input values of the new row.",
                "label": "Columns",
                "name": "columns",
                "properties": [
                  {
                    "control_type": "text",
                    "label": "購入日",
                    "optional": true,
                    "sticky": true,
                    "hint": "",
                    "type": "string",
                    "name": "col_購入日"
                  },
                  {
                    "control_type": "text",
                    "label": "種別",
                    "optional": true,
                    "sticky": true,
                    "hint": "",
                    "type": "string",
                    "name": "col_種別"
                  },
                  {
                    "control_type": "text",
                    "label": "詳細",
                    "optional": true,
                    "sticky": true,
                    "hint": "",
                    "type": "string",
                    "name": "col_詳細"
                  },
                  {
                    "control_type": "text",
                    "label": "金額",
                    "optional": true,
                    "sticky": true,
                    "hint": "",
                    "type": "string",
                    "name": "col_金額"
                  },
                  {
                    "control_type": "text",
                    "label": "登録者",
                    "optional": true,
                    "sticky": true,
                    "hint": "",
                    "type": "string",
                    "name": "col_登録者"
                  },
                  {
                    "control_type": "text",
                    "label": "画像",
                    "optional": true,
                    "sticky": true,
                    "hint": "",
                    "type": "string",
                    "name": "col_画像"
                  }
                ],
                "sticky": true,
                "type": "object"
              }
            ],
            "comment": "家計簿に行追加",
            "uuid": "4fd24329-a785-4927-bb2e-b9fd5135ea8f"
          },
          {
            "number": 9,
            "as": "1f8f4193",
            "keyword": "catch",
            "dynamicPickListSelection": {
            },
            "toggleCfg": {
            },
            "input": {
              "max_retry_count": "3",
              "retry_interval": "10"
            },
            "block": [
              {
                "number": 10,
                "provider": "workato_recipe_function",
                "name": "call_recipe_async",
                "as": "86942024",
                "title": null,
                "description": "Call <span class=\"provider\">エラーハンドラー</span> (async)",
                "keyword": "action",
                "dynamicPickListSelection": {
                  "flow_id": "エラーハンドラー"
                },
                "toggleCfg": {
                },
                "input": {
                  "flow_id": {
                    "zip_name": "Personal use/エラーハンドラー.recipe.json",
                    "name": "エラーハンドラー",
                    "folder": "Personal use"
                  },
                  "parameters": {
                    "recipe_name": "#{_('data.workato.job_context.recipe_name')}",
                    "job_url": "#{_('data.workato.job_context.job_url')}",
                    "error_type": "#{_('data.catch.d5f3d7da.type')}",
                    "error_message": "#{_('data.catch.d5f3d7da.message')}",
                    "notes": "家計簿Google Sheetsへの登録に失敗しました"
                  }
                },
                "extended_input_schema": [
                  {
                    "label": "Parameters",
                    "name": "parameters",
                    "properties": [
                      {
                        "control_type": "text",
                        "label": "Recipe name",
                        "name": "recipe_name",
                        "type": "string",
                        "optional": false
                      },
                      {
                        "control_type": "text",
                        "label": "Job URL",
                        "name": "job_url",
                        "type": "string",
                        "optional": false
                      },
                      {
                        "control_type": "text",
                        "label": "Error type",
                        "name": "error_type",
                        "type": "string",
                        "optional": false
                      },
                      {
                        "control_type": "text",
                        "label": "Error message",
                        "name": "error_message",
                        "type": "string",
                        "optional": false
                      },
                      {
                        "control_type": "text",
                        "label": "Notes",
                        "name": "notes",
                        "type": "string",
                        "optional": true
                      },
                      {
                        "properties": [
                          {
                            "control_type": "text",
                            "label": "To",
                            "name": "To",
                            "type": "string",
                            "optional": false
                          }
                        ],
                        "label": "Send notification to user",
                        "name": "send_notification_to_user",
                        "type": "object",
                        "optional": true
                      }
                    ],
                    "type": "object"
                  }
                ],
                "visible_config_fields": [
                  "flow_id",
                  "parameters.notes"
                ],
                "comment": "それでもエラーが発生したら、エラーハンドラーレシピを呼ぶ",
                "uuid": "8ed83969-9fe9-4961-9e7a-d5073e1be7b9"
              },
              {
                "number": 11,
                "keyword": "stop",
                "dynamicPickListSelection": {
                },
                "toggleCfg": {
                },
                "input": {
                  "stop_with_error": "true",
                  "stop_reason": "#{_('data.catch.1f8f4193.message')}"
                },
                "comment": "ジョブをエラーで停止",
                "uuid": "515e15eb-cdda-49dd-9639-c9fc5bb3a95c"
              }
            ],
            "comment": "上記アクションでエラーが発生したら、10秒待ってリトライ×3回",
            "uuid": "873c99cb-d404-4332-9488-e690da497c04"
          }
        ],
        "comment": "エラーモニタリング開始",
        "uuid": "50f10d5f-2db1-49b5-a74f-0ea15c5fc0ba"
      }
    ],
    "comment": "親レシピからの呼び出しにより起動",
    "job_report_schema": [
      {
        "name": "custom_column_0",
        "label": "Access profile name"
      },
      {
        "name": "custom_column_1",
        "label": "Price"
      },
      {
        "name": "custom_column_2",
        "label": "Category"
      },
      {
        "name": "custom_column_5",
        "label": "Notes"
      },
      {
        "name": "custom_column_4",
        "label": "ERROR?"
      }
    ],
    "job_report_config": {
      "custom_column_0": "#{_('data.workato_recipe_function.760557c2.parameters.access_profile_name')}",
      "custom_column_1": "#{_('data.workato_recipe_function.760557c2.parameters.price')}",
      "custom_column_2": "#{_('data.workato_recipe_function.760557c2.parameters.category')}",
      "custom_column_5": "#{_('data.workato_recipe_function.760557c2.parameters.notes')}",
      "custom_column_4": "#{_('data.catch.d5f3d7da.message')}#{_('data.catch.1f8f4193.message')}"
    },
    "uuid": "31a62ae0-6138-44b6-83e2-3c52365d049a"
  },
  "config": [
    {
      "keyword": "application",
      "provider": "workato_recipe_function",
      "skip_validation": false,
      "account_id": null
    },
    {
      "keyword": "application",
      "provider": "google_drive",
      "skip_validation": false,
      "account_id": {
        "zip_name": "Personal use/コネクション/my_personal_google_drive_connection_yamakawa_atsuya_gmail_com.connection.json",
        "name": "My personal Google Drive connection (yamakawa.atsuya@gmail.com)",
        "folder": "Personal use/コネクション"
      }
    },
    {
      "keyword": "application",
      "provider": "google_sheets",
      "skip_validation": false,
      "account_id": {
        "zip_name": "Personal use/コネクション/my_personal_google_sheets_connection_yamakawa_atsuya_gmail_com.connection.json",
        "name": "My personal Google Sheets connection (yamakawa.atsuya@gmail.com)",
        "folder": "Personal use/コネクション"
      }
    },
    {
      "keyword": "application",
      "provider": "amazon_s3",
      "skip_validation": false,
      "account_id": {
        "zip_name": "Personal use/コネクション/my_amazon_s3_account.connection.json",
        "name": "My Amazon S3 account",
        "folder": "Personal use/コネクション"
      }
    }
  ]
}