{
  "name": "家計簿に登録",
  "description": "家計簿に登録するAPIです",
  "version": 27,
  "private": true,
  "concurrency": 1,
  "code": {
    "number": 0,
    "provider": "workato_api_platform",
    "name": "receive_request",
    "as": "5a3c66d2",
    "title": null,
    "description": null,
    "keyword": "trigger",
    "dynamicPickListSelection": {
      "request.content_type": "multipart/form-data"
    },
    "toggleCfg": {
      "response.responses.0.http_status_code": true,
      "response.responses.1.http_status_code": true
    },
    "input": {
      "request": {
        "content_type": "multipart",
        "schema": "[{\"name\":\"content\",\"type\":\"string\",\"optional\":false,\"control_type\":\"text\",\"hint\":\"アップロード対象のファイル\"},{\"name\":\"price\",\"type\":\"string\",\"optional\":true,\"control_type\":\"text\",\"label\":\"Price\",\"hint\":\"価格\"},{\"name\":\"category\",\"type\":\"string\",\"optional\":false,\"control_type\":\"text\",\"label\":\"Category\",\"hint\":\"経費カテゴリー\"},{\"name\":\"notes\",\"type\":\"string\",\"optional\":true,\"control_type\":\"text\",\"label\":\"Notes\",\"hint\":\"その他備考\"}]"
      },
      "response": {
        "content_type": "json",
        "responses": [
          {
            "name": "Success",
            "http_status_code": "202",
            "body_schema": "[{\"name\":\"message\",\"type\":\"string\",\"optional\":false,\"control_type\":\"text\",\"label\":\"Message\"}]"
          },
          {
            "name": "Error",
            "http_status_code": "400",
            "body_schema": "[{\"name\":\"message\",\"type\":\"string\",\"optional\":false,\"control_type\":\"text\",\"label\":\"Message\"}]"
          }
        ]
      }
    },
    "extended_output_schema": [
      {
        "label": "Context",
        "name": "context",
        "properties": [
          {
            "control_type": "text",
            "label": "Calling IP address",
            "optional": true,
            "type": "string",
            "name": "calling_ip"
          },
          {
            "properties": [
              {
                "control_type": "integer",
                "label": "Access profile ID",
                "parse_output": "integer_conversion",
                "optional": true,
                "type": "integer",
                "name": "id"
              },
              {
                "control_type": "text",
                "label": "Access profile name",
                "optional": true,
                "type": "string",
                "name": "name"
              },
              {
                "control_type": "text",
                "label": "Access profile authentication type",
                "optional": true,
                "type": "string",
                "name": "type"
              }
            ],
            "label": "Access profile",
            "type": "object",
            "name": "access_profile"
          },
          {
            "properties": [
              {
                "control_type": "text",
                "label": "API client ID",
                "optional": true,
                "type": "string",
                "name": "id"
              },
              {
                "control_type": "text",
                "label": "API client name",
                "optional": true,
                "type": "string",
                "name": "name"
              }
            ],
            "label": "API client",
            "type": "object",
            "name": "client"
          },
          {
            "properties": [
              {
                "control_type": "integer",
                "label": "Issued At",
                "render_input": "date_time_conversion",
                "parse_output": "date_time_conversion",
                "optional": true,
                "type": "date_time",
                "name": "iat"
              },
              {
                "control_type": "integer",
                "label": "Not Before",
                "render_input": "date_time_conversion",
                "parse_output": "date_time_conversion",
                "optional": true,
                "type": "date_time",
                "name": "nbf"
              },
              {
                "control_type": "integer",
                "label": "Expiration Time",
                "render_input": "date_time_conversion",
                "parse_output": "date_time_conversion",
                "optional": true,
                "type": "date_time",
                "name": "exp"
              },
              {
                "control_type": "text",
                "label": "Audience",
                "optional": true,
                "type": "string",
                "name": "aud"
              },
              {
                "control_type": "text",
                "label": "JWT ID",
                "optional": true,
                "type": "string",
                "name": "jti"
              },
              {
                "control_type": "text",
                "label": "Issuer",
                "optional": true,
                "type": "string",
                "name": "iss"
              }
            ],
            "label": "JWT claims",
            "type": "object",
            "name": "jwt_payload"
          }
        ],
        "type": "object"
      },
      {
        "label": "Request parameters",
        "name": "request",
        "properties": [
          {
            "control_type": "text",
            "label": "Content",
            "name": "content",
            "type": "string",
            "optional": false,
            "hint": "アップロード対象のファイル"
          },
          {
            "control_type": "text",
            "label": "Price",
            "name": "price",
            "type": "string",
            "optional": true,
            "hint": "価格"
          },
          {
            "control_type": "text",
            "label": "Category",
            "name": "category",
            "type": "string",
            "optional": false,
            "hint": "経費カテゴリー"
          },
          {
            "control_type": "text",
            "label": "Notes",
            "name": "notes",
            "type": "string",
            "optional": true,
            "hint": "その他備考"
          }
        ],
        "type": "object"
      }
    ],
    "extended_input_schema": [
      {
        "label": "Request",
        "name": "request",
        "optional": false,
        "override": true,
        "properties": [
          {
            "control_type": "select",
            "label": "Content type",
            "pick_list": "request_content_type_list",
            "default": "json",
            "optional": false,
            "extends_schema": true,
            "type": "string",
            "name": "content_type"
          },
          {
            "control_type": "schema-designer",
            "label": "Request headers",
            "empty_schema_title": "Describe request headers",
            "empty_schema_message": "Describe one or more request headers",
            "item_label": "header",
            "sample_data_type": "url",
            "add_field_label": "Add header",
            "forbid_manual_modification": true,
            "exclude_fields": [
              "type",
              "optional",
              "hint"
            ],
            "broadcast_change_event": true,
            "optional": true,
            "sticky": true,
            "change_on_blur": true,
            "extends_schema": true,
            "type": "string",
            "name": "headers"
          },
          {
            "control_type": "schema-designer",
            "label": "Request schema",
            "empty_schema_title": "Describe multipart request",
            "add_field_label": "Add part",
            "sample_data_type": "url",
            "broadcast_change_event": true,
            "optional": true,
            "sticky": true,
            "forbid_manual_modification": true,
            "empty_schema_message": "Describe one or more parts in the request",
            "custom_types": [
              [
                "File",
                "file"
              ]
            ],
            "item_label": "part",
            "change_on_blur": true,
            "extends_schema": true,
            "override": true,
            "type": "string",
            "name": "schema"
          }
        ],
        "type": "object"
      }
    ],
    "block": [
      {
        "number": 1,
        "keyword": "try",
        "dynamicPickListSelection": {
        },
        "toggleCfg": {
        },
        "input": {
        },
        "block": [
          {
            "number": 2,
            "provider": "workato_recipe_function",
            "name": "call_recipe_async",
            "as": "570ff413",
            "title": null,
            "description": "Call <span class=\"provider\">【RF】レシートアップロード・家計簿登録</span> (async)",
            "keyword": "action",
            "dynamicPickListSelection": {
              "flow_id": "【RF】レシートアップロード・家計簿登録"
            },
            "toggleCfg": {
            },
            "input": {
              "flow_id": {
                "zip_name": "Personal use/iPhoneショートカット/rf_レシートアップロード_家計簿登録.recipe.json",
                "name": "【RF】レシートアップロード・家計簿登録",
                "folder": "Personal use/iPhoneショートカット"
              },
              "parameters": {
                "image": "#{_('data.workato_api_platform.5a3c66d2.request.content')}",
                "category": "#{_('data.workato_api_platform.5a3c66d2.request.category')}",
                "price": "#{_('data.workato_api_platform.5a3c66d2.request.price')}",
                "access_profile_name": "#{_('data.workato_api_platform.5a3c66d2.context.access_profile.name')}",
                "notes": "#{_('data.workato_api_platform.5a3c66d2.request.notes')}"
              }
            },
            "extended_input_schema": [
              {
                "label": "Parameters",
                "name": "parameters",
                "properties": [
                  {
                    "control_type": "text",
                    "label": "Image",
                    "name": "image",
                    "type": "string",
                    "optional": false
                  },
                  {
                    "control_type": "text",
                    "label": "Category",
                    "name": "category",
                    "type": "string",
                    "optional": false
                  },
                  {
                    "control_type": "text",
                    "label": "Price",
                    "name": "price",
                    "type": "string",
                    "optional": false
                  },
                  {
                    "control_type": "text",
                    "label": "Access profile name",
                    "name": "access_profile_name",
                    "type": "string",
                    "optional": false
                  },
                  {
                    "control_type": "text",
                    "label": "Notes",
                    "name": "notes",
                    "type": "string",
                    "optional": true
                  }
                ],
                "type": "object"
              }
            ],
            "visible_config_fields": [
              "flow_id",
              "parameters",
              "parameters.image",
              "parameters.category",
              "parameters.price",
              "parameters.access_profile_name",
              "parameters.notes"
            ],
            "comment": "S3へのアップロード、Google Sheetsへの書き込み処理の呼び出し（非同期での呼び出し）",
            "uuid": "4e63f325-bca0-4c08-bc28-3885d46f0143"
          },
          {
            "number": 3,
            "provider": "workato_api_platform",
            "name": "return_response",
            "as": "cf386c97",
            "title": null,
            "description": "<span class=\"step-statement\">Return</span> <span class=\"provider\">Success</span>",
            "keyword": "action",
            "dynamicPickListSelection": {
            },
            "toggleCfg": {
            },
            "input": {
              "http_status_code": "202",
              "response": {
                "message": "#{_('data.workato_api_platform.5a3c66d2.request.category')} #{_('data.workato_api_platform.5a3c66d2.request.price')}円の登録を受け付けました！"
              }
            },
            "extended_output_schema": [
              {
                "change_on_blur": true,
                "control_type": "select",
                "extends_schema": true,
                "label": "Response",
                "name": "http_status_code",
                "pick_list": [
                  [
                    "Success",
                    "202"
                  ],
                  [
                    "Error",
                    "400"
                  ]
                ],
                "type": "string"
              },
              {
                "label": "Response body",
                "name": "response",
                "properties": [
                  {
                    "control_type": "text",
                    "label": "Message",
                    "name": "message",
                    "type": "string",
                    "optional": false
                  }
                ],
                "type": "object"
              }
            ],
            "extended_input_schema": [
              {
                "change_on_blur": true,
                "control_type": "select",
                "extends_schema": true,
                "label": "Response",
                "name": "http_status_code",
                "pick_list": [
                  [
                    "Success",
                    "202"
                  ],
                  [
                    "Error",
                    "400"
                  ]
                ],
                "type": "string"
              },
              {
                "label": "Response body",
                "name": "response",
                "properties": [
                  {
                    "control_type": "text",
                    "label": "Message",
                    "name": "message",
                    "type": "string",
                    "optional": false
                  }
                ],
                "type": "object"
              }
            ],
            "comment": "APIのレスポンスとしてSuccessを返す",
            "uuid": "4f8da251-bb83-4f3e-813c-363ee5b02549"
          },
          {
            "number": 4,
            "as": "83d03803",
            "keyword": "catch",
            "dynamicPickListSelection": {
            },
            "toggleCfg": {
            },
            "input": {
              "max_retry_count": "0",
              "retry_interval": "2"
            },
            "block": [
              {
                "number": 5,
                "provider": "workato_api_platform",
                "name": "return_response",
                "as": "ab2f56e7",
                "title": null,
                "description": "<span class=\"step-statement\">Return</span> <span class=\"provider\">Error</span>",
                "keyword": "action",
                "dynamicPickListSelection": {
                },
                "toggleCfg": {
                },
                "input": {
                  "http_status_code": "400",
                  "response": {
                    "message": "登録に失敗しました..."
                  }
                },
                "extended_output_schema": [
                  {
                    "change_on_blur": true,
                    "control_type": "select",
                    "extends_schema": true,
                    "label": "Response",
                    "name": "http_status_code",
                    "pick_list": [
                      [
                        "Success",
                        "202"
                      ],
                      [
                        "Error",
                        "400"
                      ]
                    ],
                    "type": "string"
                  },
                  {
                    "label": "Response body",
                    "name": "response",
                    "properties": [
                      {
                        "control_type": "text",
                        "label": "Message",
                        "name": "message",
                        "type": "string",
                        "optional": false
                      }
                    ],
                    "type": "object"
                  }
                ],
                "extended_input_schema": [
                  {
                    "change_on_blur": true,
                    "control_type": "select",
                    "extends_schema": true,
                    "label": "Response",
                    "name": "http_status_code",
                    "pick_list": [
                      [
                        "Success",
                        "202"
                      ],
                      [
                        "Error",
                        "400"
                      ]
                    ],
                    "type": "string"
                  },
                  {
                    "label": "Response body",
                    "name": "response",
                    "properties": [
                      {
                        "control_type": "text",
                        "label": "Message",
                        "name": "message",
                        "type": "string",
                        "optional": false
                      }
                    ],
                    "type": "object"
                  }
                ],
                "comment": "APIのレスポンスとしてErrorを返す",
                "uuid": "65c815e5-88af-444e-be2b-f6d306529751"
              }
            ],
            "comment": "上記アクションでエラーが発生したら、",
            "uuid": "efc25183-2e1f-4f75-aaab-0143e8d7b537"
          }
        ],
        "comment": "下記のアクションでエラーが発生しないか監視",
        "uuid": "e2af9090-d9b8-411e-baff-5c9d06fcc7fd"
      }
    ],
    "comment": "APIリクエストを受け取ったら、",
    "job_report_schema": [
      {
        "name": "custom_column_0",
        "label": "Access profile name"
      },
      {
        "name": "custom_column_1",
        "label": "Price"
      },
      {
        "name": "custom_column_2",
        "label": "Category"
      },
      {
        "name": "custom_column_4",
        "label": "Notes"
      },
      {
        "name": "custom_column_3",
        "label": "ERROR?"
      }
    ],
    "job_report_config": {
      "custom_column_0": "#{_('data.workato_api_platform.5a3c66d2.context.access_profile.name')}",
      "custom_column_1": "#{_('data.workato_api_platform.5a3c66d2.request.price')}",
      "custom_column_2": "#{_('data.workato_api_platform.5a3c66d2.request.category')}",
      "custom_column_4": "#{_('data.workato_api_platform.5a3c66d2.request.notes')}",
      "custom_column_3": "#{_('data.catch.83d03803.message')}"
    },
    "uuid": "bfafa871-3b51-40c8-b227-83dddc21618f"
  },
  "config": [
    {
      "keyword": "application",
      "provider": "workato_api_platform",
      "skip_validation": false,
      "account_id": null
    },
    {
      "keyword": "application",
      "provider": "workato_recipe_function",
      "skip_validation": false,
      "account_id": null
    }
  ]
}