{
  "name": "都道府県コード",
  "schema": [
    {
      "control_type": "text",
      "label": "Code",
      "name": "col1",
      "sticky": true,
      "type": "string"
    },
    {
      "control_type": "text",
      "label": "Name",
      "name": "col2",
      "sticky": true,
      "type": "string"
    },
    {
      "control_type": "text",
      "label": "Untitled column 3",
      "name": "col3",
      "sticky": false,
      "type": "string"
    },
    {
      "control_type": "text",
      "label": "Untitled column 4",
      "name": "col4",
      "sticky": false,
      "type": "string"
    },
    {
      "control_type": "text",
      "label": "Untitled column 5",
      "name": "col5",
      "sticky": false,
      "type": "string"
    },
    {
      "control_type": "text",
      "label": "Untitled column 6",
      "name": "col6",
      "sticky": false,
      "type": "string"
    },
    {
      "control_type": "text",
      "label": "Untitled column 7",
      "name": "col7",
      "sticky": false,
      "type": "string"
    },
    {
      "control_type": "text",
      "label": "Untitled column 8",
      "name": "col8",
      "sticky": false,
      "type": "string"
    },
    {
      "control_type": "text",
      "label": "Untitled column 9",
      "name": "col9",
      "sticky": false,
      "type": "string"
    },
    {
      "control_type": "text",
      "label": "Untitled column 10",
      "name": "col10",
      "sticky": false,
      "type": "string"
    }
  ],
  "data": "01,北海道\n02,青森県\n03,岩手県\n04,宮城県\n05,秋田県\n06,山形県\n07,福島県\n08,茨城県\n09,栃木県\n10,群馬県\n11,埼玉県\n12,千葉県\n13,東京都\n14,神奈川県\n15,新潟県\n16,富山県\n17,石川県\n18,福井県\n19,山梨県\n20,長野県\n21,岐阜県\n22,静岡県\n23,愛知県\n24,三重県\n25,滋賀県\n26,京都府\n27,大阪府\n28,兵庫県\n29,奈良県\n30,和歌山県\n31,鳥取県\n32,島根県\n33,岡山県\n34,広島県\n35,山口県\n36,徳島県\n37,香川県\n38,愛媛県\n39,高知県\n40,福岡県\n41,佐賀県\n42,長崎県\n43,熊本県\n44,大分県\n45,宮崎県\n46,鹿児島県\n47,沖縄県\n99,国外\n"
}